date,triplet_id,method,target_symbol,hedge_symbol_1,hedge_symbol_2,residual,z_score
2023-01-02,NVDA_SMH_QQQ,kalman_random_walk,NVDA,SMH,QQQ,0.0,
2023-01-03,NVDA_SMH_QQQ,kalman_random_walk,NVDA,SMH,QQQ,0.07445488086215911,
2023-01-04,NVDA_SMH_QQQ,kalman_random_walk,NVDA,SMH,QQQ,-0.053273438197070755,
2023-01-05,NVDA_SMH_QQQ,kalman_random_walk,NVDA,SMH,QQQ,-0.3241338341209575,
2023-01-06,NVDA_SMH_QQQ,kalman_random_walk,NVDA,SMH,QQQ,-0.7020544533910787,
2023-01-09,NVDA_SMH_QQQ,kalman_random_walk,NVDA,SMH,QQQ,-0.6137074949678265,
2023-01-10,NVDA_SMH_QQQ,kalman_random_walk,NVDA,SMH,QQQ,-0.71838735746424,
2023-01-11,NVDA_SMH_QQQ,kalman_random_walk,NVDA,SMH,QQQ,-0.8240551857541242,
2023-01-12,NVDA_SMH_QQQ,kalman_random_walk,NVDA,SMH,QQQ,-0.7740018550220853,
2023-01-13,NVDA_SMH_QQQ,kalman_random_walk,NVDA,SMH,QQQ,-0.6925277586084789,
2023-01-16,NVDA_SMH_QQQ,kalman_random_walk,NVDA,SMH,QQQ,-1.1103166470461443,
2023-01-17,NVDA_SMH_QQQ,kalman_random_walk,NVDA,SMH,QQQ,-0.7735463994737931,
2023-01-18,NVDA_SMH_QQQ,kalman_random_walk,NVDA,SMH,QQQ,-1.1266268648371436,
2023-01-19,NVDA_SMH_QQQ,kalman_random_walk,NVDA,SMH,QQQ,-0.5823143371747301,
2023-01-20,NVDA_SMH_QQQ,kalman_random_walk,NVDA,SMH,QQQ,-0.38251163216179274,
2023-01-23,NVDA_SMH_QQQ,kalman_random_walk,NVDA,SMH,QQQ,-0.44041603029170673,
2023-01-24,NVDA_SMH_QQQ,kalman_random_walk,NVDA,SMH,QQQ,-0.09210686843293164,
2023-01-25,NVDA_SMH_QQQ,kalman_random_walk,NVDA,SMH,QQQ,-0.07648102259914238,
2023-01-26,NVDA_SMH_QQQ,kalman_random_walk,NVDA,SMH,QQQ,0.08469931298987722,
2023-01-27,NVDA_SMH_QQQ,kalman_random_walk,NVDA,SMH,QQQ,0.09812535290947708,
2023-01-30,NVDA_SMH_QQQ,kalman_random_walk,NVDA,SMH,QQQ,0.32758721418900033,1.963357050403561
2023-01-31,NVDA_SMH_QQQ,kalman_random_walk,NVDA,SMH,QQQ,0.5217896884490028,2.215948796701849
2023-02-01,NVDA_SMH_QQQ,kalman_random_walk,NVDA,SMH,QQQ,0.25956141472864797,1.3783883286429328
2023-02-02,NVDA_SMH_QQQ,kalman_random_walk,NVDA,SMH,QQQ,0.09366585370361472,0.9389967151168573
2023-02-03,NVDA_SMH_QQQ,kalman_random_walk,NVDA,SMH,QQQ,0.1579359027239159,1.0411628851407584
2023-02-06,NVDA_SMH_QQQ,kalman_random_walk,NVDA,SMH,QQQ,0.09278136103730847,0.8586438448067311
2023-02-07,NVDA_SMH_QQQ,kalman_random_walk,NVDA,SMH,QQQ,-0.4210335299291478,-0.2802831464984802
2023-02-08,NVDA_SMH_QQQ,kalman_random_walk,NVDA,SMH,QQQ,0.07523635134514073,0.8175854428465331
2023-02-09,NVDA_SMH_QQQ,kalman_random_walk,NVDA,SMH,QQQ,-0.41228703306741343,-0.2866712187845349
2023-02-10,NVDA_SMH_QQQ,kalman_random_walk,NVDA,SMH,QQQ,-0.8207520169231719,-1.201822818408864
2023-02-13,NVDA_SMH_QQQ,kalman_random_walk,NVDA,SMH,QQQ,-1.0030065072336378,-1.5617924486010746
2023-02-14,NVDA_SMH_QQQ,kalman_random_walk,NVDA,SMH,QQQ,-0.7583784534674052,-0.9427920108700875
2023-02-15,NVDA_SMH_QQQ,kalman_random_walk,NVDA,SMH,QQQ,-0.27225028759265696,0.15110590584789962
2023-02-16,NVDA_SMH_QQQ,kalman_random_walk,NVDA,SMH,QQQ,-0.2913715646513572,0.106213281899359
2023-02-17,NVDA_SMH_QQQ,kalman_random_walk,NVDA,SMH,QQQ,-0.34244399401298525,-0.010871907592479154
2023-02-20,NVDA_SMH_QQQ,kalman_random_walk,NVDA,SMH,QQQ,-0.26309239258811384,0.17149730490891918
2023-02-21,NVDA_SMH_QQQ,kalman_random_walk,NVDA,SMH,QQQ,-0.31223044899342517,0.05466021049786125
2023-02-22,NVDA_SMH_QQQ,kalman_random_walk,NVDA,SMH,QQQ,-0.2566424457017272,0.18522349190769957
2023-02-23,NVDA_SMH_QQQ,kalman_random_walk,NVDA,SMH,QQQ,-0.47663907327738153,-0.3437614691085844
2023-02-24,NVDA_SMH_QQQ,kalman_random_walk,NVDA,SMH,QQQ,-0.32302574930774725,0.033080076028865736
2023-02-27,NVDA_SMH_QQQ,kalman_random_walk,NVDA,SMH,QQQ,-0.1978951917964942,0.3396524728862314
2023-02-28,NVDA_SMH_QQQ,kalman_random_walk,NVDA,SMH,QQQ,-0.7099396003765842,-0.9110889517769029
2023-03-01,NVDA_SMH_QQQ,kalman_random_walk,NVDA,SMH,QQQ,-0.6489965563026365,-0.7149432214917697
2023-03-02,NVDA_SMH_QQQ,kalman_random_walk,NVDA,SMH,QQQ,-0.5352754896576335,-0.3964136642226059
2023-03-03,NVDA_SMH_QQQ,kalman_random_walk,NVDA,SMH,QQQ,-0.34757298364084704,0.0831276862636604
2023-03-06,NVDA_SMH_QQQ,kalman_random_walk,NVDA,SMH,QQQ,1.2145960279793204,3.9705680010640374
2023-03-07,NVDA_SMH_QQQ,kalman_random_walk,NVDA,SMH,QQQ,0.9806769664840529,2.7828805341590988
2023-03-08,NVDA_SMH_QQQ,kalman_random_walk,NVDA,SMH,QQQ,0.8578342327939519,2.245150083288998
2023-03-09,NVDA_SMH_QQQ,kalman_random_walk,NVDA,SMH,QQQ,-0.6205368630193183,-0.7118489014794462
2023-03-10,NVDA_SMH_QQQ,kalman_random_walk,NVDA,SMH,QQQ,-0.7334762514352189,-0.9374203314336667
2023-03-13,NVDA_SMH_QQQ,kalman_random_walk,NVDA,SMH,QQQ,-0.81357073979818,-1.0851282628436043
2023-03-14,NVDA_SMH_QQQ,kalman_random_walk,NVDA,SMH,QQQ,-0.4643138239282978,-0.4482810186601551
2023-03-15,NVDA_SMH_QQQ,kalman_random_walk,NVDA,SMH,QQQ,-0.5815508347423068,-0.6972415274027816
2023-03-16,NVDA_SMH_QQQ,kalman_random_walk,NVDA,SMH,QQQ,-0.709463911139039,-1.0079853286950127
2023-03-17,NVDA_SMH_QQQ,kalman_random_walk,NVDA,SMH,QQQ,-0.6444005057752958,-0.8651773710080369
2023-03-20,NVDA_SMH_QQQ,kalman_random_walk,NVDA,SMH,QQQ,-0.5233781314727701,-0.6041639217558905
2023-03-21,NVDA_SMH_QQQ,kalman_random_walk,NVDA,SMH,QQQ,-0.232294230788363,-0.020084561393444902
2023-03-22,NVDA_SMH_QQQ,kalman_random_walk,NVDA,SMH,QQQ,-0.39787101295578303,-0.3425599573314092
2023-03-23,NVDA_SMH_QQQ,kalman_random_walk,NVDA,SMH,QQQ,-0.6951205021768542,-0.9177566063136595
2023-03-24,NVDA_SMH_QQQ,kalman_random_walk,NVDA,SMH,QQQ,-0.6386553052600576,-0.7629453425273784
2023-03-27,NVDA_SMH_QQQ,kalman_random_walk,NVDA,SMH,QQQ,-0.4204165691683782,-0.2943177622282237
2023-03-28,NVDA_SMH_QQQ,kalman_random_walk,NVDA,SMH,QQQ,-0.6959024203830437,-0.8168343780976018
2023-03-29,NVDA_SMH_QQQ,kalman_random_walk,NVDA,SMH,QQQ,-0.7195919934097119,-0.8264318187942727
2023-03-30,NVDA_SMH_QQQ,kalman_random_walk,NVDA,SMH,QQQ,-0.5658778808178198,-0.46233103327872876
2023-03-31,NVDA_SMH_QQQ,kalman_random_walk,NVDA,SMH,QQQ,-0.4471471891148128,-0.18053609167990933
2023-04-03,NVDA_SMH_QQQ,kalman_random_walk,NVDA,SMH,QQQ,-0.3751505484192091,0.00371885570298164
2023-04-04,NVDA_SMH_QQQ,kalman_random_walk,NVDA,SMH,QQQ,-0.38664817643196553,0.0042065065763340894
2023-04-05,NVDA_SMH_QQQ,kalman_random_walk,NVDA,SMH,QQQ,-0.5161066160358598,-0.2795457429748007
2023-04-06,NVDA_SMH_QQQ,kalman_random_walk,NVDA,SMH,QQQ,-0.6583641823230201,-0.5642356934429351
2023-04-07,NVDA_SMH_QQQ,kalman_random_walk,NVDA,SMH,QQQ,-0.32498278890440047,0.1837903866400659
2023-04-10,NVDA_SMH_QQQ,kalman_random_walk,NVDA,SMH,QQQ,-0.5317709915106787,-0.30080958144457176
2023-04-11,NVDA_SMH_QQQ,kalman_random_walk,NVDA,SMH,QQQ,-0.19779845085553693,0.4240347492944348
2023-04-12,NVDA_SMH_QQQ,kalman_random_walk,NVDA,SMH,QQQ,-0.4633754926432446,-0.212628113430961
2023-04-13,NVDA_SMH_QQQ,kalman_random_walk,NVDA,SMH,QQQ,0.23101755960797105,1.3876483718341428
2023-04-14,NVDA_SMH_QQQ,kalman_random_walk,NVDA,SMH,QQQ,-0.17908895189933166,0.4094662305602764
2023-04-17,NVDA_SMH_QQQ,kalman_random_walk,NVDA,SMH,QQQ,0.19534206820848535,1.235122878553291
2023-04-18,NVDA_SMH_QQQ,kalman_random_walk,NVDA,SMH,QQQ,-0.025454854690377837,0.7037886342502114
2023-04-19,NVDA_SMH_QQQ,kalman_random_walk,NVDA,SMH,QQQ,-0.04783567783900457,0.635142831893534
2023-04-20,NVDA_SMH_QQQ,kalman_random_walk,NVDA,SMH,QQQ,-0.056516962099568926,0.6020512149183468
2023-04-21,NVDA_SMH_QQQ,kalman_random_walk,NVDA,SMH,QQQ,-0.19322391296450672,0.2820500055903032
2023-04-24,NVDA_SMH_QQQ,kalman_random_walk,NVDA,SMH,QQQ,0.32020933625215897,1.3831467065026137
2023-04-25,NVDA_SMH_QQQ,kalman_random_walk,NVDA,SMH,QQQ,0.30266559205672083,1.2877404385856328
2023-04-26,NVDA_SMH_QQQ,kalman_random_walk,NVDA,SMH,QQQ,-0.0242905024490635,0.5386864686047714
2023-04-27,NVDA_SMH_QQQ,kalman_random_walk,NVDA,SMH,QQQ,0.12086762559410888,0.8127570710785484
2023-04-28,NVDA_SMH_QQQ,kalman_random_walk,NVDA,SMH,QQQ,0.263091894777705,1.0726103373897127
2023-05-01,NVDA_SMH_QQQ,kalman_random_walk,NVDA,SMH,QQQ,-0.02092540102658899,0.4412196323612166
2023-05-02,NVDA_SMH_QQQ,kalman_random_walk,NVDA,SMH,QQQ,0.09942051633113246,0.8570894614483265
2023-05-03,NVDA_SMH_QQQ,kalman_random_walk,NVDA,SMH,QQQ,0.1026603277157268,1.0266617091773529
2023-05-04,NVDA_SMH_QQQ,kalman_random_walk,NVDA,SMH,QQQ,0.27081493364882214,1.7062482099173772
2023-05-05,NVDA_SMH_QQQ,kalman_random_walk,NVDA,SMH,QQQ,0.3950001454057698,1.9606236461118178
2023-05-08,NVDA_SMH_QQQ,kalman_random_walk,NVDA,SMH,QQQ,0.3457427985097209,1.6962493550326272
2023-05-09,NVDA_SMH_QQQ,kalman_random_walk,NVDA,SMH,QQQ,0.21443143172252532,1.2422866960169714
2023-05-10,NVDA_SMH_QQQ,kalman_random_walk,NVDA,SMH,QQQ,0.3889816502080746,1.6641265324949328
2023-05-11,NVDA_SMH_QQQ,kalman_random_walk,NVDA,SMH,QQQ,0.4112076770688262,1.6269663067186357
2023-05-12,NVDA_SMH_QQQ,kalman_random_walk,NVDA,SMH,QQQ,0.03422173373134635,0.5211482701716319
2023-05-15,NVDA_SMH_QQQ,kalman_random_walk,NVDA,SMH,QQQ,-0.0897560925432187,0.141913133274778
2023-05-16,NVDA_SMH_QQQ,kalman_random_walk,NVDA,SMH,QQQ,-0.185314089131893,-0.15470685066266374
2023-05-17,NVDA_SMH_QQQ,kalman_random_walk,NVDA,SMH,QQQ,-0.2207503897375597,-0.2576911807017272
2023-05-18,NVDA_SMH_QQQ,kalman_random_walk,NVDA,SMH,QQQ,0.3082839112305557,1.224368373975063
2023-05-19,NVDA_SMH_QQQ,kalman_random_walk,NVDA,SMH,QQQ,0.18828663483800612,0.8280082576767832
2023-05-22,NVDA_SMH_QQQ,kalman_random_walk,NVDA,SMH,QQQ,0.2707063050511807,1.030542870701538
2023-05-23,NVDA_SMH_QQQ,kalman_random_walk,NVDA,SMH,QQQ,0.6023948861966979,1.9588692467580315
2023-05-24,NVDA_SMH_QQQ,kalman_random_walk,NVDA,SMH,QQQ,0.6409112772200293,1.9775524472800436
2023-05-25,NVDA_SMH_QQQ,kalman_random_walk,NVDA,SMH,QQQ,0.6590149898826013,1.9467750590572819
2023-05-26,NVDA_SMH_QQQ,kalman_random_walk,NVDA,SMH,QQQ,0.8654841068413657,2.4522097795294084
2023-05-29,NVDA_SMH_QQQ,kalman_random_walk,NVDA,SMH,QQQ,0.8050343657738199,2.0825594309768305
2023-05-30,NVDA_SMH_QQQ,kalman_random_walk,NVDA,SMH,QQQ,0.7493463656760216,1.7856728561418413
2023-05-31,NVDA_SMH_QQQ,kalman_random_walk,NVDA,SMH,QQQ,0.8109472814365013,1.8488414754003164
2023-06-01,NVDA_SMH_QQQ,kalman_random_walk,NVDA,SMH,QQQ,0.8042905226016523,1.7393038786195059
2023-06-02,NVDA_SMH_QQQ,kalman_random_walk,NVDA,SMH,QQQ,0.5580970042499088,1.005830205817311
2023-06-05,NVDA_SMH_QQQ,kalman_random_walk,NVDA,SMH,QQQ,0.23462937995305405,0.046771148740329005
2023-06-06,NVDA_SMH_QQQ,kalman_random_walk,NVDA,SMH,QQQ,0.18153190530226704,-0.1673504859640074
2023-06-07,NVDA_SMH_QQQ,kalman_random_walk,NVDA,SMH,QQQ,0.4673107240108063,0.6780292600209205
2023-06-08,NVDA_SMH_QQQ,kalman_random_walk,NVDA,SMH,QQQ,0.36142197080976,0.2988768765246845
2023-06-09,NVDA_SMH_QQQ,kalman_random_walk,NVDA,SMH,QQQ,0.5707058225338552,0.9713332723966022
2023-06-12,NVDA_SMH_QQQ,kalman_random_walk,NVDA,SMH,QQQ,0.5929928398362698,1.0008669223715572
2023-06-13,NVDA_SMH_QQQ,kalman_random_walk,NVDA,SMH,QQQ,0.45387635244749724,0.49981129057453183
2023-06-14,NVDA_SMH_QQQ,kalman_random_walk,NVDA,SMH,QQQ,-0.17993569052338143,-1.6448882695372142
2023-06-15,NVDA_SMH_QQQ,kalman_random_walk,NVDA,SMH,QQQ,-1.9094740033495312,-7.279068019856578
2023-06-16,NVDA_SMH_QQQ,kalman_random_walk,NVDA,SMH,QQQ,-1.9572650540036398,-4.805171672999402
2023-06-19,NVDA_SMH_QQQ,kalman_random_walk,NVDA,SMH,QQQ,-2.2905074840171356,-4.35129179342068
2023-06-20,NVDA_SMH_QQQ,kalman_random_walk,NVDA,SMH,QQQ,-0.3184555302989186,-0.6762777508931879
2023-06-21,NVDA_SMH_QQQ,kalman_random_walk,NVDA,SMH,QQQ,-0.2858338205471317,-0.6044486861451837
2023-06-22,NVDA_SMH_QQQ,kalman_random_walk,NVDA,SMH,QQQ,-0.16902208650071276,-0.4274191886552113
2023-06-23,NVDA_SMH_QQQ,kalman_random_walk,NVDA,SMH,QQQ,-0.281710933214403,-0.5754067455007074
2023-06-26,NVDA_SMH_QQQ,kalman_random_walk,NVDA,SMH,QQQ,-0.20346065777848715,-0.44403574588625777
2023-06-27,NVDA_SMH_QQQ,kalman_random_walk,NVDA,SMH,QQQ,-0.2831564047729553,-0.5486725830620126
2023-06-28,NVDA_SMH_QQQ,kalman_random_walk,NVDA,SMH,QQQ,-0.014889368119702345,-0.15777505950228848
2023-06-29,NVDA_SMH_QQQ,kalman_random_walk,NVDA,SMH,QQQ,0.014249002679585869,-0.1128460899398362
2023-06-30,NVDA_SMH_QQQ,kalman_random_walk,NVDA,SMH,QQQ,-0.29601621962561286,-0.5383262482032776
2023-07-03,NVDA_SMH_QQQ,kalman_random_walk,NVDA,SMH,QQQ,-0.21334474288278188,-0.39797636553940047
2023-07-04,NVDA_SMH_QQQ,kalman_random_walk,NVDA,SMH,QQQ,-0.1728623283730029,-0.32182836503187706
2023-07-05,NVDA_SMH_QQQ,kalman_random_walk,NVDA,SMH,QQQ,-0.1968766167645944,-0.3416640185042509
2023-07-06,NVDA_SMH_QQQ,kalman_random_walk,NVDA,SMH,QQQ,-0.4701771170081278,-0.704364006830327
2023-07-07,NVDA_SMH_QQQ,kalman_random_walk,NVDA,SMH,QQQ,-0.18065755133910258,-0.26755198761213456
2023-07-10,NVDA_SMH_QQQ,kalman_random_walk,NVDA,SMH,QQQ,-0.3199299675688606,-0.45420200365701596
2023-07-11,NVDA_SMH_QQQ,kalman_random_walk,NVDA,SMH,QQQ,0.06664142576785143,0.09314232876056767
2023-07-12,NVDA_SMH_QQQ,kalman_random_walk,NVDA,SMH,QQQ,-0.08654322140412729,-0.12901927966252205
2023-07-13,NVDA_SMH_QQQ,kalman_random_walk,NVDA,SMH,QQQ,-0.06901312577771217,-0.10938507759538088
2023-07-14,NVDA_SMH_QQQ,kalman_random_walk,NVDA,SMH,QQQ,-0.07059039318166123,-0.09864107992902958
2023-07-17,NVDA_SMH_QQQ,kalman_random_walk,NVDA,SMH,QQQ,-0.02886117192792422,-0.031281296158933755
2023-07-18,NVDA_SMH_QQQ,kalman_random_walk,NVDA,SMH,QQQ,0.5561534709126622,0.7992828632386125
2023-07-19,NVDA_SMH_QQQ,kalman_random_walk,NVDA,SMH,QQQ,0.37979173741961014,0.5544312415708723
2023-07-20,NVDA_SMH_QQQ,kalman_random_walk,NVDA,SMH,QQQ,0.7894973467974276,1.1467839184181754
2023-07-21,NVDA_SMH_QQQ,kalman_random_walk,NVDA,SMH,QQQ,0.831918474500215,1.1962055872585833
2023-07-24,NVDA_SMH_QQQ,kalman_random_walk,NVDA,SMH,QQQ,0.5791865985294475,0.8431022704002022
2023-07-25,NVDA_SMH_QQQ,kalman_random_walk,NVDA,SMH,QQQ,0.7859075081006277,1.1517859634860663
2023-07-26,NVDA_SMH_QQQ,kalman_random_walk,NVDA,SMH,QQQ,0.8765799765227412,1.2773790100398308
2023-07-27,NVDA_SMH_QQQ,kalman_random_walk,NVDA,SMH,QQQ,0.9813664867789531,1.4195221621779073
2023-07-28,NVDA_SMH_QQQ,kalman_random_walk,NVDA,SMH,QQQ,0.5701259399420517,0.8248441277036357
2023-07-31,NVDA_SMH_QQQ,kalman_random_walk,NVDA,SMH,QQQ,0.6123293802715367,0.8833088342735825
2023-08-01,NVDA_SMH_QQQ,kalman_random_walk,NVDA,SMH,QQQ,0.45029635741585894,0.6375905034919529
2023-08-02,NVDA_SMH_QQQ,kalman_random_walk,NVDA,SMH,QQQ,0.3649843626886724,0.507439412641887
2023-08-03,NVDA_SMH_QQQ,kalman_random_walk,NVDA,SMH,QQQ,0.2922654168008744,0.4111495133871854
2023-08-04,NVDA_SMH_QQQ,kalman_random_walk,NVDA,SMH,QQQ,0.26614060320627,0.3777232218071151
2023-08-07,NVDA_SMH_QQQ,kalman_random_walk,NVDA,SMH,QQQ,0.5841013093304273,0.8354457546926284
2023-08-08,NVDA_SMH_QQQ,kalman_random_walk,NVDA,SMH,QQQ,0.5972659943731765,0.8543945311529463
2023-08-09,NVDA_SMH_QQQ,kalman_random_walk,NVDA,SMH,QQQ,0.11974664680868974,0.1807727487602811
2023-08-10,NVDA_SMH_QQQ,kalman_random_walk,NVDA,SMH,QQQ,0.3796879462127039,0.5327082476527182
2023-08-11,NVDA_SMH_QQQ,kalman_random_walk,NVDA,SMH,QQQ,0.35340687604099896,0.45984943611706214
2023-08-14,NVDA_SMH_QQQ,kalman_random_walk,NVDA,SMH,QQQ,0.3399340750739642,0.40399823588567335
2023-08-15,NVDA_SMH_QQQ,kalman_random_walk,NVDA,SMH,QQQ,-0.10272322116206406,-0.6901118152300474
2023-08-16,NVDA_SMH_QQQ,kalman_random_walk,NVDA,SMH,QQQ,-0.0024507035944804217,-0.46316963008625806
2023-08-17,NVDA_SMH_QQQ,kalman_random_walk,NVDA,SMH,QQQ,-0.11192902209231644,-0.7647677222387627
2023-08-18,NVDA_SMH_QQQ,kalman_random_walk,NVDA,SMH,QQQ,0.11173885139069062,-0.20384137925058116
2023-08-21,NVDA_SMH_QQQ,kalman_random_walk,NVDA,SMH,QQQ,0.19870039630605912,-0.008509965125778167
2023-08-22,NVDA_SMH_QQQ,kalman_random_walk,NVDA,SMH,QQQ,0.35695458995803714,0.37970001900343786
2023-08-23,NVDA_SMH_QQQ,kalman_random_walk,NVDA,SMH,QQQ,0.23204864077026682,0.010693918662440453
2023-08-24,NVDA_SMH_QQQ,kalman_random_walk,NVDA,SMH,QQQ,-0.19825391463783038,-1.163873151099823
2023-08-25,NVDA_SMH_QQQ,kalman_random_walk,NVDA,SMH,QQQ,0.0386709476138096,-0.5055586320848264
2023-08-28,NVDA_SMH_QQQ,kalman_random_walk,NVDA,SMH,QQQ,0.12650741954007474,-0.30104797515835535
2023-08-29,NVDA_SMH_QQQ,kalman_random_walk,NVDA,SMH,QQQ,0.03859017446201604,-0.5736901475140033
2023-08-30,NVDA_SMH_QQQ,kalman_random_walk,NVDA,SMH,QQQ,-0.08859481781041824,-0.9530819397391125
2023-08-31,NVDA_SMH_QQQ,kalman_random_walk,NVDA,SMH,QQQ,-0.27279793500525484,-1.490483970055167
2023-09-01,NVDA_SMH_QQQ,kalman_random_walk,NVDA,SMH,QQQ,-0.6278202355015907,-2.575783429452637
2023-09-04,NVDA_SMH_QQQ,kalman_random_walk,NVDA,SMH,QQQ,-0.8114666159158643,-2.8980142442544508
2023-09-05,NVDA_SMH_QQQ,kalman_random_walk,NVDA,SMH,QQQ,-0.72951531614992,-2.4594089989647867
2023-09-06,NVDA_SMH_QQQ,kalman_random_walk,NVDA,SMH,QQQ,-0.2878913966074396,-1.197455330580628
2023-09-07,NVDA_SMH_QQQ,kalman_random_walk,NVDA,SMH,QQQ,-0.15364809803765317,-0.8560834583051308
2023-09-08,NVDA_SMH_QQQ,kalman_random_walk,NVDA,SMH,QQQ,0.217841005173183,0.022628727542766458
2023-09-11,NVDA_SMH_QQQ,kalman_random_walk,NVDA,SMH,QQQ,-0.030461014568517852,-0.5793516784345102
2023-09-12,NVDA_SMH_QQQ,kalman_random_walk,NVDA,SMH,QQQ,0.24966427098163452,0.08084509040609286
2023-09-13,NVDA_SMH_QQQ,kalman_random_walk,NVDA,SMH,QQQ,0.12815526568002222,-0.1890015126205377
2023-09-14,NVDA_SMH_QQQ,kalman_random_walk,NVDA,SMH,QQQ,0.43536906195344566,0.5569732013967427
2023-09-15,NVDA_SMH_QQQ,kalman_random_walk,NVDA,SMH,QQQ,0.6533717121229943,1.121249300850002
2023-09-18,NVDA_SMH_QQQ,kalman_random_walk,NVDA,SMH,QQQ,0.5827469237058883,0.9749760796281774
2023-09-19,NVDA_SMH_QQQ,kalman_random_walk,NVDA,SMH,QQQ,0.5424066321277448,0.8749078298470471
2023-09-20,NVDA_SMH_QQQ,kalman_random_walk,NVDA,SMH,QQQ,0.7451534851556736,1.4167901249869144
2023-09-21,NVDA_SMH_QQQ,kalman_random_walk,NVDA,SMH,QQQ,0.48066690237164716,0.7699836857789532
2023-09-22,NVDA_SMH_QQQ,kalman_random_walk,NVDA,SMH,QQQ,-0.05285352099484458,-0.5870153947350963
2023-09-25,NVDA_SMH_QQQ,kalman_random_walk,NVDA,SMH,QQQ,1.6332134273598404,4.017668793749084
2023-09-26,NVDA_SMH_QQQ,kalman_random_walk,NVDA,SMH,QQQ,2.0966345874696026,4.448280990435131
2023-09-27,NVDA_SMH_QQQ,kalman_random_walk,NVDA,SMH,QQQ,1.6078780591340844,2.6406340723415074
2023-09-28,NVDA_SMH_QQQ,kalman_random_walk,NVDA,SMH,QQQ,0.14105404356995946,-0.18831597360531863
2023-09-29,NVDA_SMH_QQQ,kalman_random_walk,NVDA,SMH,QQQ,-0.13594639344891768,-0.6671117275590354
2023-10-02,NVDA_SMH_QQQ,kalman_random_walk,NVDA,SMH,QQQ,-0.1834372412826455,-0.7287116405407474
2023-10-03,NVDA_SMH_QQQ,kalman_random_walk,NVDA,SMH,QQQ,-0.3814300832881512,-1.0388439019020026
2023-10-04,NVDA_SMH_QQQ,kalman_random_walk,NVDA,SMH,QQQ,-0.14317582991214164,-0.5774133303112478
2023-10-05,NVDA_SMH_QQQ,kalman_random_walk,NVDA,SMH,QQQ,-0.24593521388122405,-0.740657357367325
2023-10-06,NVDA_SMH_QQQ,kalman_random_walk,NVDA,SMH,QQQ,-0.2588494679594748,-0.732158177708328
2023-10-09,NVDA_SMH_QQQ,kalman_random_walk,NVDA,SMH,QQQ,-0.46621692345115456,-1.0554927919807129
2023-10-10,NVDA_SMH_QQQ,kalman_random_walk,NVDA,SMH,QQQ,-0.24903452112448718,-0.6433158625986993
2023-10-11,NVDA_SMH_QQQ,kalman_random_walk,NVDA,SMH,QQQ,-0.33132259463829716,-0.7730997815939712
2023-10-12,NVDA_SMH_QQQ,kalman_random_walk,NVDA,SMH,QQQ,-0.37480627394399524,-0.8265258360687566
2023-10-13,NVDA_SMH_QQQ,kalman_random_walk,NVDA,SMH,QQQ,-0.3464611403028206,-0.7632249886643634
2023-10-16,NVDA_SMH_QQQ,kalman_random_walk,NVDA,SMH,QQQ,-0.624273616819015,-1.1952332603640305
2023-10-17,NVDA_SMH_QQQ,kalman_random_walk,NVDA,SMH,QQQ,-0.5539461443763397,-1.0281692558270858
2023-10-18,NVDA_SMH_QQQ,kalman_random_walk,NVDA,SMH,QQQ,-0.8420896709170187,-1.4418147924720617
2023-10-19,NVDA_SMH_QQQ,kalman_random_walk,NVDA,SMH,QQQ,-0.7890216159532997,-1.2827328307193981
2023-10-20,NVDA_SMH_QQQ,kalman_random_walk,NVDA,SMH,QQQ,-0.7426849339656014,-1.1652947616434326
2023-10-23,NVDA_SMH_QQQ,kalman_random_walk,NVDA,SMH,QQQ,-0.7416428634076667,-1.1150621755917025
2023-10-24,NVDA_SMH_QQQ,kalman_random_walk,NVDA,SMH,QQQ,-0.6966082321356699,-0.9997640358178173
2023-10-25,NVDA_SMH_QQQ,kalman_random_walk,NVDA,SMH,QQQ,-0.7613886523662954,-1.055678545315535
2023-10-26,NVDA_SMH_QQQ,kalman_random_walk,NVDA,SMH,QQQ,-0.557654074520286,-0.7224016781401948
2023-10-27,NVDA_SMH_QQQ,kalman_random_walk,NVDA,SMH,QQQ,-0.49148727841322326,-0.6131363742319011
2023-10-30,NVDA_SMH_QQQ,kalman_random_walk,NVDA,SMH,QQQ,-0.5362393059429436,-0.6848571296607608
2023-10-31,NVDA_SMH_QQQ,kalman_random_walk,NVDA,SMH,QQQ,-0.5223203917467728,-0.6808885254174419
2023-11-01,NVDA_SMH_QQQ,kalman_random_walk,NVDA,SMH,QQQ,-0.6085953083097397,-0.8194101755005176
2023-11-02,NVDA_SMH_QQQ,kalman_random_walk,NVDA,SMH,QQQ,-0.5636149030939398,-0.7365942557928168
2023-11-03,NVDA_SMH_QQQ,kalman_random_walk,NVDA,SMH,QQQ,-0.5649221274489217,-0.7188526324893035
2023-11-06,NVDA_SMH_QQQ,kalman_random_walk,NVDA,SMH,QQQ,-0.8934908323147743,-1.161132255964185
2023-11-07,NVDA_SMH_QQQ,kalman_random_walk,NVDA,SMH,QQQ,-0.4238122701687936,-0.44602690719223487
2023-11-08,NVDA_SMH_QQQ,kalman_random_walk,NVDA,SMH,QQQ,-0.47085080770360926,-0.48934388560456143
2023-11-09,NVDA_SMH_QQQ,kalman_random_walk,NVDA,SMH,QQQ,-0.5620651263679306,-0.5968012266549576
2023-11-10,NVDA_SMH_QQQ,kalman_random_walk,NVDA,SMH,QQQ,-0.4285223259663721,-0.37397079208749007
2023-11-13,NVDA_SMH_QQQ,kalman_random_walk,NVDA,SMH,QQQ,-0.8367344622779076,-0.9320078768923887
2023-11-14,NVDA_SMH_QQQ,kalman_random_walk,NVDA,SMH,QQQ,-0.8238508574725536,-0.8675403869622555
2023-11-15,NVDA_SMH_QQQ,kalman_random_walk,NVDA,SMH,QQQ,-0.6575954138692484,-0.5801045813058688
2023-11-16,NVDA_SMH_QQQ,kalman_random_walk,NVDA,SMH,QQQ,-0.6369228493072894,-0.5112622229266175
2023-11-17,NVDA_SMH_QQQ,kalman_random_walk,NVDA,SMH,QQQ,-0.5464556769961442,-0.3380368346253854
2023-11-20,NVDA_SMH_QQQ,kalman_random_walk,NVDA,SMH,QQQ,-0.5786680316493492,-0.3687929831156401
2023-11-21,NVDA_SMH_QQQ,kalman_random_walk,NVDA,SMH,QQQ,-0.5903143167533188,-0.3457887874910843
2023-11-22,NVDA_SMH_QQQ,kalman_random_walk,NVDA,SMH,QQQ,-0.5284669932455817,-0.16901685107937092
2023-11-23,NVDA_SMH_QQQ,kalman_random_walk,NVDA,SMH,QQQ,-0.43170903153601997,0.3668658002545
2023-11-24,NVDA_SMH_QQQ,kalman_random_walk,NVDA,SMH,QQQ,-0.6208649938791083,-0.4700893472068855
2023-11-27,NVDA_SMH_QQQ,kalman_random_walk,NVDA,SMH,QQQ,-0.48501242944905787,0.2945054409800325
2023-11-28,NVDA_SMH_QQQ,kalman_random_walk,NVDA,SMH,QQQ,-0.3614024237286887,1.0439473680421716
2023-11-29,NVDA_SMH_QQQ,kalman_random_walk,NVDA,SMH,QQQ,-0.45418455504390604,0.5198234919109601
2023-11-30,NVDA_SMH_QQQ,kalman_random_walk,NVDA,SMH,QQQ,-0.5257492413558069,0.1747814870666386
2023-12-01,NVDA_SMH_QQQ,kalman_random_walk,NVDA,SMH,QQQ,-0.43695862460789614,0.7825192359973896
2023-12-04,NVDA_SMH_QQQ,kalman_random_walk,NVDA,SMH,QQQ,-0.12870151048625955,2.852117395048384
2023-12-05,NVDA_SMH_QQQ,kalman_random_walk,NVDA,SMH,QQQ,0.12597663786836516,4.077472751004591
2023-12-06,NVDA_SMH_QQQ,kalman_random_walk,NVDA,SMH,QQQ,-0.07222450660758306,2.4569938334023917
2023-12-07,NVDA_SMH_QQQ,kalman_random_walk,NVDA,SMH,QQQ,-0.18280691527290566,1.7500630202216851
2023-12-08,NVDA_SMH_QQQ,kalman_random_walk,NVDA,SMH,QQQ,-0.2846347929754516,1.194909270847377
2023-12-11,NVDA_SMH_QQQ,kalman_random_walk,NVDA,SMH,QQQ,-0.16678351470240635,1.731307483081256
2023-12-12,NVDA_SMH_QQQ,kalman_random_walk,NVDA,SMH,QQQ,-0.18231615232949366,1.5517687445381447
2023-12-13,NVDA_SMH_QQQ,kalman_random_walk,NVDA,SMH,QQQ,-0.09067354365934016,1.87055347656731
2023-12-14,NVDA_SMH_QQQ,kalman_random_walk,NVDA,SMH,QQQ,0.1936790315257369,2.9972387446742705
2023-12-15,NVDA_SMH_QQQ,kalman_random_walk,NVDA,SMH,QQQ,0.216521306935491,2.7555488797410117
2023-12-18,NVDA_SMH_QQQ,kalman_random_walk,NVDA,SMH,QQQ,0.2768865213760228,2.699466674165065
2023-12-19,NVDA_SMH_QQQ,kalman_random_walk,NVDA,SMH,QQQ,0.316684485509611,2.5705441423431368
2023-12-20,NVDA_SMH_QQQ,kalman_random_walk,NVDA,SMH,QQQ,0.10643327523886437,1.6413729606023344
2023-12-21,NVDA_SMH_QQQ,kalman_random_walk,NVDA,SMH,QQQ,0.05472289198774439,1.382970955263124
2023-12-22,NVDA_SMH_QQQ,kalman_random_walk,NVDA,SMH,QQQ,-0.009113638896398601,1.1077074915065366
2023-12-25,NVDA_SMH_QQQ,kalman_random_walk,NVDA,SMH,QQQ,-0.12674089148541456,0.6894914303277135
2023-12-26,NVDA_SMH_QQQ,kalman_random_walk,NVDA,SMH,QQQ,0.2138779940566888,1.717558444088821
2023-12-27,NVDA_SMH_QQQ,kalman_random_walk,NVDA,SMH,QQQ,0.30436345994345804,1.8828999244845182
2023-12-28,NVDA_SMH_QQQ,kalman_random_walk,NVDA,SMH,QQQ,-0.3313317644670081,-0.10205702723959487
2023-12-29,NVDA_SMH_QQQ,kalman_random_walk,NVDA,SMH,QQQ,-0.47964530930856775,-0.5570493778656044
2023-01-02,AAPL_QQQ_XLK,kalman_random_walk,AAPL,QQQ,XLK,0.0,
2023-01-03,AAPL_QQQ_XLK,kalman_random_walk,AAPL,QQQ,XLK,-0.011206953211533954,
2023-01-04,AAPL_QQQ_XLK,kalman_random_walk,AAPL,QQQ,XLK,-0.22649126653470003,
2023-01-05,AAPL_QQQ_XLK,kalman_random_walk,AAPL,QQQ,XLK,-0.2920723199500233,
2023-01-06,AAPL_QQQ_XLK,kalman_random_walk,AAPL,QQQ,XLK,-0.3662886846983727,
2023-01-09,AAPL_QQQ_XLK,kalman_random_walk,AAPL,QQQ,XLK,-0.45091269371346143,
2023-01-10,AAPL_QQQ_XLK,kalman_random_walk,AAPL,QQQ,XLK,-0.2499293851926126,
2023-01-11,AAPL_QQQ_XLK,kalman_random_walk,AAPL,QQQ,XLK,-0.24367200405504097,
2023-01-12,AAPL_QQQ_XLK,kalman_random_walk,AAPL,QQQ,XLK,-0.3672912756469806,
2023-01-13,AAPL_QQQ_XLK,kalman_random_walk,AAPL,QQQ,XLK,-0.407805499022231,
2023-01-16,AAPL_QQQ_XLK,kalman_random_walk,AAPL,QQQ,XLK,-0.37061981684160955,
2023-01-17,AAPL_QQQ_XLK,kalman_random_walk,AAPL,QQQ,XLK,-0.6117827679229273,
2023-01-18,AAPL_QQQ_XLK,kalman_random_walk,AAPL,QQQ,XLK,-0.6865433105800807,
2023-01-19,AAPL_QQQ_XLK,kalman_random_walk,AAPL,QQQ,XLK,-0.4632165191113713,
2023-01-20,AAPL_QQQ_XLK,kalman_random_walk,AAPL,QQQ,XLK,-0.1682518126236022,
2023-01-23,AAPL_QQQ_XLK,kalman_random_walk,AAPL,QQQ,XLK,-0.7457073902818515,
2023-01-24,AAPL_QQQ_XLK,kalman_random_walk,AAPL,QQQ,XLK,-0.05118395061573744,
2023-01-25,AAPL_QQQ_XLK,kalman_random_walk,AAPL,QQQ,XLK,-0.20762513836340568,
2023-01-26,AAPL_QQQ_XLK,kalman_random_walk,AAPL,QQQ,XLK,0.013621362062585296,
2023-01-27,AAPL_QQQ_XLK,kalman_random_walk,AAPL,QQQ,XLK,-0.33251369039422646,
2023-01-30,AAPL_QQQ_XLK,kalman_random_walk,AAPL,QQQ,XLK,-0.11988973384768409,0.8879525316642848
2023-01-31,AAPL_QQQ_XLK,kalman_random_walk,AAPL,QQQ,XLK,-0.09910353883057259,0.9476774095610948
2023-02-01,AAPL_QQQ_XLK,kalman_random_walk,AAPL,QQQ,XLK,-0.10723470345049553,0.8697375831173775
2023-02-02,AAPL_QQQ_XLK,kalman_random_walk,AAPL,QQQ,XLK,-0.1693918950818497,0.5452309866965435
2023-02-03,AAPL_QQQ_XLK,kalman_random_walk,AAPL,QQQ,XLK,-0.21229033373665235,0.3261176828827214
2023-02-06,AAPL_QQQ_XLK,kalman_random_walk,AAPL,QQQ,XLK,-0.0026257992539091,1.3388831139939814
2023-02-07,AAPL_QQQ_XLK,kalman_random_walk,AAPL,QQQ,XLK,-0.1909859350210824,0.365966725968017
2023-02-08,AAPL_QQQ_XLK,kalman_random_walk,AAPL,QQQ,XLK,-0.23182331728726874,0.1592888472115366
2023-02-09,AAPL_QQQ_XLK,kalman_random_walk,AAPL,QQQ,XLK,-0.30271247094910847,-0.19572137513995155
2023-02-10,AAPL_QQQ_XLK,kalman_random_walk,AAPL,QQQ,XLK,-0.6752095774504107,-2.0755234708581076
2023-02-13,AAPL_QQQ_XLK,kalman_random_walk,AAPL,QQQ,XLK,-0.570803549035646,-1.4038917542437324
2023-02-14,AAPL_QQQ_XLK,kalman_random_walk,AAPL,QQQ,XLK,-0.5120327169150701,-1.0605550017885557
2023-02-15,AAPL_QQQ_XLK,kalman_random_walk,AAPL,QQQ,XLK,-0.570860250930628,-1.3037568376133801
2023-02-16,AAPL_QQQ_XLK,kalman_random_walk,AAPL,QQQ,XLK,-0.8443510218156149,-2.530368185364265
2023-02-17,AAPL_QQQ_XLK,kalman_random_walk,AAPL,QQQ,XLK,-0.8303956706724309,-2.2216084897259085
2023-02-20,AAPL_QQQ_XLK,kalman_random_walk,AAPL,QQQ,XLK,-0.7715305626427229,-1.804347097432801
2023-02-21,AAPL_QQQ_XLK,kalman_random_walk,AAPL,QQQ,XLK,-0.6814972990408327,-1.342299834304321
2023-02-22,AAPL_QQQ_XLK,kalman_random_walk,AAPL,QQQ,XLK,-0.5868547945217555,-0.9179770908389441
2023-02-23,AAPL_QQQ_XLK,kalman_random_walk,AAPL,QQQ,XLK,-0.8163672577338933,-1.8066172367275886
2023-02-24,AAPL_QQQ_XLK,kalman_random_walk,AAPL,QQQ,XLK,-0.46291732582211775,-0.3480875468264526
2023-02-27,AAPL_QQQ_XLK,kalman_random_walk,AAPL,QQQ,XLK,-0.2090389521999918,0.6475652595417616
2023-02-28,AAPL_QQQ_XLK,kalman_random_walk,AAPL,QQQ,XLK,0.01347977230221431,1.5718648097747405
2023-03-01,AAPL_QQQ_XLK,kalman_random_walk,AAPL,QQQ,XLK,0.12868913442748475,2.0216611696223934
2023-03-02,AAPL_QQQ_XLK,kalman_random_walk,AAPL,QQQ,XLK,0.4425983287115224,3.09284040311081
2023-03-03,AAPL_QQQ_XLK,kalman_random_walk,AAPL,QQQ,XLK,0.5725383241186461,3.161064463482225
2023-03-06,AAPL_QQQ_XLK,kalman_random_walk,AAPL,QQQ,XLK,0.7859758496990312,3.4086868246840427
2023-03-07,AAPL_QQQ_XLK,kalman_random_walk,AAPL,QQQ,XLK,0.7734714972511082,2.8896703638413936
2023-03-08,AAPL_QQQ_XLK,kalman_random_walk,AAPL,QQQ,XLK,0.7171557346229689,2.4273700105741693
2023-03-09,AAPL_QQQ_XLK,kalman_random_walk,AAPL,QQQ,XLK,0.7896600452898298,2.377140123193928
2023-03-10,AAPL_QQQ_XLK,kalman_random_walk,AAPL,QQQ,XLK,0.5193071645829049,1.5855212537663421
2023-03-13,AAPL_QQQ_XLK,kalman_random_walk,AAPL,QQQ,XLK,0.4004948342048878,1.2453209113596992
2023-03-14,AAPL_QQQ_XLK,kalman_random_walk,AAPL,QQQ,XLK,0.4043346606725816,1.1925828558821179
2023-03-15,AAPL_QQQ_XLK,kalman_random_walk,AAPL,QQQ,XLK,0.20880174305530735,0.7344402195046541
2023-03-16,AAPL_QQQ_XLK,kalman_random_walk,AAPL,QQQ,XLK,-0.4274888726303272,-0.6138464628533419
2023-03-17,AAPL_QQQ_XLK,kalman_random_walk,AAPL,QQQ,XLK,-0.5221081785823061,-0.8113697499277527
2023-03-20,AAPL_QQQ_XLK,kalman_random_walk,AAPL,QQQ,XLK,1.0548308966005355,2.4357027874537036
2023-03-21,AAPL_QQQ_XLK,kalman_random_walk,AAPL,QQQ,XLK,1.3473181478756944,2.799713845062061
2023-03-22,AAPL_QQQ_XLK,kalman_random_walk,AAPL,QQQ,XLK,0.9125123618760823,1.724491985873899
2023-03-23,AAPL_QQQ_XLK,kalman_random_walk,AAPL,QQQ,XLK,-0.8855188162483107,-1.4711149284764258
2023-03-24,AAPL_QQQ_XLK,kalman_random_walk,AAPL,QQQ,XLK,-0.38157415470984013,-0.5521530815795531
2023-03-27,AAPL_QQQ_XLK,kalman_random_walk,AAPL,QQQ,XLK,-0.9274858132023236,-1.4620439191686567
2023-03-28,AAPL_QQQ_XLK,kalman_random_walk,AAPL,QQQ,XLK,-0.8853948038566202,-1.3231208047396799
2023-03-29,AAPL_QQQ_XLK,kalman_random_walk,AAPL,QQQ,XLK,-0.9409886046705784,-1.352358100019278
2023-03-30,AAPL_QQQ_XLK,kalman_random_walk,AAPL,QQQ,XLK,-1.2588308044021288,-1.785445721353888
2023-03-31,AAPL_QQQ_XLK,kalman_random_walk,AAPL,QQQ,XLK,-1.1075426533823667,-1.4504502368014207
2023-04-03,AAPL_QQQ_XLK,kalman_random_walk,AAPL,QQQ,XLK,-1.1980316385730962,-1.513418333327773
2023-04-04,AAPL_QQQ_XLK,kalman_random_walk,AAPL,QQQ,XLK,-1.7324927559889947,-2.1914699663614776
2023-04-05,AAPL_QQQ_XLK,kalman_random_walk,AAPL,QQQ,XLK,-1.679019936415052,-1.9469325219987275
2023-04-06,AAPL_QQQ_XLK,kalman_random_walk,AAPL,QQQ,XLK,-1.8170394586696794,-1.9916798274617862
2023-04-07,AAPL_QQQ_XLK,kalman_random_walk,AAPL,QQQ,XLK,-1.331247414918073,-1.257585311156405
2023-04-10,AAPL_QQQ_XLK,kalman_random_walk,AAPL,QQQ,XLK,-1.1704811534108106,-1.022674763126977
2023-04-11,AAPL_QQQ_XLK,kalman_random_walk,AAPL,QQQ,XLK,-1.3093750280575538,-1.1580992271079382
2023-04-12,AAPL_QQQ_XLK,kalman_random_walk,AAPL,QQQ,XLK,-1.1037750953193772,-0.8752945041850778
2023-04-13,AAPL_QQQ_XLK,kalman_random_walk,AAPL,QQQ,XLK,-0.49733553974967026,-0.14763110390155632
2023-04-14,AAPL_QQQ_XLK,kalman_random_walk,AAPL,QQQ,XLK,-0.7628264621975847,-0.46784859844471216
2023-04-17,AAPL_QQQ_XLK,kalman_random_walk,AAPL,QQQ,XLK,-0.926218239878851,-0.6610096503223922
2023-04-18,AAPL_QQQ_XLK,kalman_random_walk,AAPL,QQQ,XLK,-0.8438820417659363,-0.5589253753295689
2023-04-19,AAPL_QQQ_XLK,kalman_random_walk,AAPL,QQQ,XLK,-0.7339923707315134,-0.42532271178400405
2023-04-20,AAPL_QQQ_XLK,kalman_random_walk,AAPL,QQQ,XLK,-0.6076246745578626,-0.27386567501794135
2023-04-21,AAPL_QQQ_XLK,kalman_random_walk,AAPL,QQQ,XLK,-0.915049187138798,-0.6380507305678462
2023-04-24,AAPL_QQQ_XLK,kalman_random_walk,AAPL,QQQ,XLK,-0.7826727347921149,-0.4686731380193861
2023-04-25,AAPL_QQQ_XLK,kalman_random_walk,AAPL,QQQ,XLK,-0.9857421483836157,-0.685525177923917
2023-04-26,AAPL_QQQ_XLK,kalman_random_walk,AAPL,QQQ,XLK,-1.066751405818383,-0.7481217571044227
2023-04-27,AAPL_QQQ_XLK,kalman_random_walk,AAPL,QQQ,XLK,-0.7157786215204156,-0.3092020037201511
2023-04-28,AAPL_QQQ_XLK,kalman_random_walk,AAPL,QQQ,XLK,-0.8164724838490766,-0.3967478573729932
2023-05-01,AAPL_QQQ_XLK,kalman_random_walk,AAPL,QQQ,XLK,-0.5737478619768112,-0.07503684468281414
2023-05-02,AAPL_QQQ_XLK,kalman_random_walk,AAPL,QQQ,XLK,-0.5929924441608532,-0.059422583831903984
2023-05-03,AAPL_QQQ_XLK,kalman_random_walk,AAPL,QQQ,XLK,-0.48624146986261585,0.1172119681654474
2023-05-04,AAPL_QQQ_XLK,kalman_random_walk,AAPL,QQQ,XLK,-0.3950672892053377,0.28114018034990884
2023-05-05,AAPL_QQQ_XLK,kalman_random_walk,AAPL,QQQ,XLK,-0.1933627037575702,0.61259159577148
2023-05-08,AAPL_QQQ_XLK,kalman_random_walk,AAPL,QQQ,XLK,0.0075481424503467676,0.9404889627545953
2023-05-09,AAPL_QQQ_XLK,kalman_random_walk,AAPL,QQQ,XLK,-0.18311361899762124,0.6965317413867166
2023-05-10,AAPL_QQQ_XLK,kalman_random_walk,AAPL,QQQ,XLK,0.24859085171246387,1.3746630742306811
2023-05-11,AAPL_QQQ_XLK,kalman_random_walk,AAPL,QQQ,XLK,0.3653821559396505,1.5428368439706945
2023-05-12,AAPL_QQQ_XLK,kalman_random_walk,AAPL,QQQ,XLK,0.5561157318008579,1.74641498384252
2023-05-15,AAPL_QQQ_XLK,kalman_random_walk,AAPL,QQQ,XLK,0.7343262653432066,1.8933325200382851
2023-05-16,AAPL_QQQ_XLK,kalman_random_walk,AAPL,QQQ,XLK,0.5252747883195423,1.655379045847976
2023-05-17,AAPL_QQQ_XLK,kalman_random_walk,AAPL,QQQ,XLK,0.44475993841451866,1.688203497628257
2023-05-18,AAPL_QQQ_XLK,kalman_random_walk,AAPL,QQQ,XLK,0.41066913573163316,1.7199511860948715
2023-05-19,AAPL_QQQ_XLK,kalman_random_walk,AAPL,QQQ,XLK,0.4314548518774354,1.6447395446531905
2023-05-22,AAPL_QQQ_XLK,kalman_random_walk,AAPL,QQQ,XLK,0.8029664939637622,2.1164596389623362
2023-05-23,AAPL_QQQ_XLK,kalman_random_walk,AAPL,QQQ,XLK,1.1697388230120236,2.470708479538086
2023-05-24,AAPL_QQQ_XLK,kalman_random_walk,AAPL,QQQ,XLK,1.8930297582871498,3.1953604550447965
2023-05-25,AAPL_QQQ_XLK,kalman_random_walk,AAPL,QQQ,XLK,2.124975934604421,3.0543535916194067
2023-05-26,AAPL_QQQ_XLK,kalman_random_walk,AAPL,QQQ,XLK,2.2919472210769074,2.870458092952375
2023-05-29,AAPL_QQQ_XLK,kalman_random_walk,AAPL,QQQ,XLK,2.0008291449986655,2.262979224009466
2023-05-30,AAPL_QQQ_XLK,kalman_random_walk,AAPL,QQQ,XLK,1.5529351015610173,1.6564960986751296
2023-05-31,AAPL_QQQ_XLK,kalman_random_walk,AAPL,QQQ,XLK,1.3729947745892588,1.4018053907445627
2023-06-01,AAPL_QQQ_XLK,kalman_random_walk,AAPL,QQQ,XLK,1.1396336329656562,1.116909451450686
2023-06-02,AAPL_QQQ_XLK,kalman_random_walk,AAPL,QQQ,XLK,0.7527924980422597,0.698804544848359
2023-06-05,AAPL_QQQ_XLK,kalman_random_walk,AAPL,QQQ,XLK,0.6035488692947987,0.5137355615282445
2023-06-06,AAPL_QQQ_XLK,kalman_random_walk,AAPL,QQQ,XLK,0.6411724807313771,0.5158826628528588
2023-06-07,AAPL_QQQ_XLK,kalman_random_walk,AAPL,QQQ,XLK,0.5785830788443433,0.4149804973139098
2023-06-08,AAPL_QQQ_XLK,kalman_random_walk,AAPL,QQQ,XLK,0.7368540933939076,0.5449419064697156
2023-06-09,AAPL_QQQ_XLK,kalman_random_walk,AAPL,QQQ,XLK,0.8052067231693768,0.5862651747312067
2023-06-12,AAPL_QQQ_XLK,kalman_random_walk,AAPL,QQQ,XLK,0.8192098621291839,0.5659946945439659
2023-06-13,AAPL_QQQ_XLK,kalman_random_walk,AAPL,QQQ,XLK,1.0397547798295772,0.7671418672529442
2023-06-14,AAPL_QQQ_XLK,kalman_random_walk,AAPL,QQQ,XLK,0.8913709211314943,0.5645587917114872
2023-06-15,AAPL_QQQ_XLK,kalman_random_walk,AAPL,QQQ,XLK,0.8070940174035623,0.43489683939046747
2023-06-16,AAPL_QQQ_XLK,kalman_random_walk,AAPL,QQQ,XLK,1.0789524179893915,0.7083195389063025
2023-06-19,AAPL_QQQ_XLK,kalman_random_walk,AAPL,QQQ,XLK,1.1931660453471675,0.8017493822173309
2023-06-20,AAPL_QQQ_XLK,kalman_random_walk,AAPL,QQQ,XLK,0.6779175311975305,0.15113727089847273
2023-06-21,AAPL_QQQ_XLK,kalman_random_walk,AAPL,QQQ,XLK,0.6316214949185514,0.049244353884526734
2023-06-22,AAPL_QQQ_XLK,kalman_random_walk,AAPL,QQQ,XLK,-0.8543219944257382,-1.9565882299908708
2023-06-23,AAPL_QQQ_XLK,kalman_random_walk,AAPL,QQQ,XLK,-0.8431028465336923,-1.920653478507348
2023-06-26,AAPL_QQQ_XLK,kalman_random_walk,AAPL,QQQ,XLK,-0.6456234017266151,-1.6596550308927527
2023-06-27,AAPL_QQQ_XLK,kalman_random_walk,AAPL,QQQ,XLK,0.6440912878950011,0.020314238680700977
2023-06-28,AAPL_QQQ_XLK,kalman_random_walk,AAPL,QQQ,XLK,0.6849694953188028,0.034360226821193746
2023-06-29,AAPL_QQQ_XLK,kalman_random_walk,AAPL,QQQ,XLK,0.10656299243189105,-0.8057922161853108
2023-06-30,AAPL_QQQ_XLK,kalman_random_walk,AAPL,QQQ,XLK,0.2789281846262478,-0.5970141815417633
2023-07-03,AAPL_QQQ_XLK,kalman_random_walk,AAPL,QQQ,XLK,-0.05158026727461304,-1.0988446272360688
2023-07-04,AAPL_QQQ_XLK,kalman_random_walk,AAPL,QQQ,XLK,0.3164223013918582,-0.5665098479632216
2023-07-05,AAPL_QQQ_XLK,kalman_random_walk,AAPL,QQQ,XLK,0.11674426910740515,-0.8860723638562787
2023-07-06,AAPL_QQQ_XLK,kalman_random_walk,AAPL,QQQ,XLK,0.14284516567748987,-0.8399200107046333
2023-07-07,AAPL_QQQ_XLK,kalman_random_walk,AAPL,QQQ,XLK,0.20423343936496355,-0.7384844539460432
2023-07-10,AAPL_QQQ_XLK,kalman_random_walk,AAPL,QQQ,XLK,0.18511760214981712,-0.7487487335197122
2023-07-11,AAPL_QQQ_XLK,kalman_random_walk,AAPL,QQQ,XLK,-0.21246531832119125,-1.2912146761726884
2023-07-12,AAPL_QQQ_XLK,kalman_random_walk,AAPL,QQQ,XLK,0.003777007916898445,-0.9375636145852053
2023-07-13,AAPL_QQQ_XLK,kalman_random_walk,AAPL,QQQ,XLK,-0.11234013963028795,-1.074038550683377
2023-07-14,AAPL_QQQ_XLK,kalman_random_walk,AAPL,QQQ,XLK,0.522836555871872,-0.1739380925767351
2023-07-17,AAPL_QQQ_XLK,kalman_random_walk,AAPL,QQQ,XLK,0.4034222896029454,-0.3405955577890603
2023-07-18,AAPL_QQQ_XLK,kalman_random_walk,AAPL,QQQ,XLK,0.4197245210703128,-0.30436327042675876
2023-07-19,AAPL_QQQ_XLK,kalman_random_walk,AAPL,QQQ,XLK,0.29670736343879595,-0.4495360548673305
2023-07-20,AAPL_QQQ_XLK,kalman_random_walk,AAPL,QQQ,XLK,0.7020020061059712,0.16926916850041607
2023-07-21,AAPL_QQQ_XLK,kalman_random_walk,AAPL,QQQ,XLK,1.002815471971955,0.696082480108531
2023-07-24,AAPL_QQQ_XLK,kalman_random_walk,AAPL,QQQ,XLK,1.0460966211255058,0.8924393635994813
2023-07-25,AAPL_QQQ_XLK,kalman_random_walk,AAPL,QQQ,XLK,1.1909548471114753,1.2696290394980534
2023-07-26,AAPL_QQQ_XLK,kalman_random_walk,AAPL,QQQ,XLK,0.8377518574634792,0.6626703982346728
2023-07-27,AAPL_QQQ_XLK,kalman_random_walk,AAPL,QQQ,XLK,0.5098509541958814,0.07758002600919416
2023-07-28,AAPL_QQQ_XLK,kalman_random_walk,AAPL,QQQ,XLK,0.7830928766848788,0.648657725347825
2023-07-31,AAPL_QQQ_XLK,kalman_random_walk,AAPL,QQQ,XLK,0.4834696669786856,0.05682408609848674
2023-08-01,AAPL_QQQ_XLK,kalman_random_walk,AAPL,QQQ,XLK,0.359044481373973,-0.18236249281245678
2023-08-02,AAPL_QQQ_XLK,kalman_random_walk,AAPL,QQQ,XLK,-0.06317565170040973,-1.001857896365121
2023-08-03,AAPL_QQQ_XLK,kalman_random_walk,AAPL,QQQ,XLK,-0.14420776463446894,-1.1173662521906087
2023-08-04,AAPL_QQQ_XLK,kalman_random_walk,AAPL,QQQ,XLK,-0.015029123381359893,-0.8139245836486874
2023-08-07,AAPL_QQQ_XLK,kalman_random_walk,AAPL,QQQ,XLK,-0.025095694790609926,-0.793695732227621
2023-08-08,AAPL_QQQ_XLK,kalman_random_walk,AAPL,QQQ,XLK,-0.39540434482996833,-1.4705166299523829
2023-08-09,AAPL_QQQ_XLK,kalman_random_walk,AAPL,QQQ,XLK,-0.1416360477500151,-0.9071904189634329
2023-08-10,AAPL_QQQ_XLK,kalman_random_walk,AAPL,QQQ,XLK,-0.07509155034341589,-0.7333895711906118
2023-08-11,AAPL_QQQ_XLK,kalman_random_walk,AAPL,QQQ,XLK,-0.6976409850620023,-1.9097331100449737
2023-08-14,AAPL_QQQ_XLK,kalman_random_walk,AAPL,QQQ,XLK,-0.8825381973424935,-2.1584487110328516
2023-08-15,AAPL_QQQ_XLK,kalman_random_walk,AAPL,QQQ,XLK,-0.8589474140101863,-1.9911501015858801
2023-08-16,AAPL_QQQ_XLK,kalman_random_walk,AAPL,QQQ,XLK,-0.8856270673414256,-1.9001957825335969
2023-08-17,AAPL_QQQ_XLK,kalman_random_walk,AAPL,QQQ,XLK,-0.7356484130264372,-1.5045361103743322
2023-08-18,AAPL_QQQ_XLK,kalman_random_walk,AAPL,QQQ,XLK,-0.3745742173247288,-0.873911187145891
2023-08-21,AAPL_QQQ_XLK,kalman_random_walk,AAPL,QQQ,XLK,-0.3467832098104346,-0.8698931600335061
2023-08-22,AAPL_QQQ_XLK,kalman_random_walk,AAPL,QQQ,XLK,-0.32531019675346706,-0.8581293173650699
2023-08-23,AAPL_QQQ_XLK,kalman_random_walk,AAPL,QQQ,XLK,0.056018116714121435,-0.09509420677711579
2023-08-24,AAPL_QQQ_XLK,kalman_random_walk,AAPL,QQQ,XLK,0.4531772868581765,0.6958566445805882
2023-08-25,AAPL_QQQ_XLK,kalman_random_walk,AAPL,QQQ,XLK,0.3234691611285492,0.42768523000568065
2023-08-28,AAPL_QQQ_XLK,kalman_random_walk,AAPL,QQQ,XLK,0.6924146109753474,1.1285110171811803
2023-08-29,AAPL_QQQ_XLK,kalman_random_walk,AAPL,QQQ,XLK,0.1730655040003578,0.10156750024738738
2023-08-30,AAPL_QQQ_XLK,kalman_random_walk,AAPL,QQQ,XLK,0.5464870362697,0.8113090864303504
2023-08-31,AAPL_QQQ_XLK,kalman_random_walk,AAPL,QQQ,XLK,0.6037717448218864,0.8915985244514735
2023-09-01,AAPL_QQQ_XLK,kalman_random_walk,AAPL,QQQ,XLK,0.3221607613058012,0.3409934534466906
2023-09-04,AAPL_QQQ_XLK,kalman_random_walk,AAPL,QQQ,XLK,0.16053037955282254,0.036715965973898146
2023-09-05,AAPL_QQQ_XLK,kalman_random_walk,AAPL,QQQ,XLK,0.1763133242089535,0.06699357851906687
2023-09-06,AAPL_QQQ_XLK,kalman_random_walk,AAPL,QQQ,XLK,0.49069264767840604,0.6330043945014282
2023-09-07,AAPL_QQQ_XLK,kalman_random_walk,AAPL,QQQ,XLK,0.6520688873686241,0.9064592773965752
2023-09-08,AAPL_QQQ_XLK,kalman_random_walk,AAPL,QQQ,XLK,0.6503464265422442,0.8622637716628916
2023-09-11,AAPL_QQQ_XLK,kalman_random_walk,AAPL,QQQ,XLK,0.4782538173112754,0.5378323658513158
2023-09-12,AAPL_QQQ_XLK,kalman_random_walk,AAPL,QQQ,XLK,0.4459421162830879,0.4745294805288467
2023-09-13,AAPL_QQQ_XLK,kalman_random_walk,AAPL,QQQ,XLK,1.5912877663848988,2.5634862162386605
2023-09-14,AAPL_QQQ_XLK,kalman_random_walk,AAPL,QQQ,XLK,1.4801461789442028,2.133380106047648
2023-09-15,AAPL_QQQ_XLK,kalman_random_walk,AAPL,QQQ,XLK,1.2690236245033668,1.6633225534671074
2023-09-18,AAPL_QQQ_XLK,kalman_random_walk,AAPL,QQQ,XLK,-0.2936062767222915,-0.8562377814964475
2023-09-19,AAPL_QQQ_XLK,kalman_random_walk,AAPL,QQQ,XLK,-0.14832172291204554,-0.5796237787864114
2023-09-20,AAPL_QQQ_XLK,kalman_random_walk,AAPL,QQQ,XLK,-0.21282759795563366,-0.6486894682941029
2023-09-21,AAPL_QQQ_XLK,kalman_random_walk,AAPL,QQQ,XLK,-0.632694189438959,-1.3160294552694742
2023-09-22,AAPL_QQQ_XLK,kalman_random_walk,AAPL,QQQ,XLK,-0.2883826812966016,-0.6795936733254379
2023-09-25,AAPL_QQQ_XLK,kalman_random_walk,AAPL,QQQ,XLK,-0.2608501370425241,-0.596107264212076
2023-09-26,AAPL_QQQ_XLK,kalman_random_walk,AAPL,QQQ,XLK,-0.12657728037597304,-0.34160859229952567
2023-09-27,AAPL_QQQ_XLK,kalman_random_walk,AAPL,QQQ,XLK,-0.2928806613201549,-0.5999308888763938
2023-09-28,AAPL_QQQ_XLK,kalman_random_walk,AAPL,QQQ,XLK,-0.3263572511874516,-0.6437578835954195
2023-09-29,AAPL_QQQ_XLK,kalman_random_walk,AAPL,QQQ,XLK,-0.3657374757254558,-0.6991155043303917
2023-10-02,AAPL_QQQ_XLK,kalman_random_walk,AAPL,QQQ,XLK,0.028288032118863327,-0.030561822521917636
2023-10-03,AAPL_QQQ_XLK,kalman_random_walk,AAPL,QQQ,XLK,-0.28905421522713104,-0.5563155975984645
2023-10-04,AAPL_QQQ_XLK,kalman_random_walk,AAPL,QQQ,XLK,-0.040108939127033505,-0.1504335661687848
2023-10-05,AAPL_QQQ_XLK,kalman_random_walk,AAPL,QQQ,XLK,-0.06326255262537293,-0.1931401627641635
2023-10-06,AAPL_QQQ_XLK,kalman_random_walk,AAPL,QQQ,XLK,0.11247288859193685,0.09744912123268279
2023-10-09,AAPL_QQQ_XLK,kalman_random_walk,AAPL,QQQ,XLK,-0.06357115404798885,-0.2324797465350839
2023-10-10,AAPL_QQQ_XLK,kalman_random_walk,AAPL,QQQ,XLK,-0.4793547330693792,-1.0044589523328684
2023-10-11,AAPL_QQQ_XLK,kalman_random_walk,AAPL,QQQ,XLK,-0.20186371661386265,-0.5479578973851332
2023-10-12,AAPL_QQQ_XLK,kalman_random_walk,AAPL,QQQ,XLK,-0.28101939622388417,-0.7486679033746386
2023-10-13,AAPL_QQQ_XLK,kalman_random_walk,AAPL,QQQ,XLK,-0.1378819285321613,-0.5166869316381527
2023-10-16,AAPL_QQQ_XLK,kalman_random_walk,AAPL,QQQ,XLK,0.04481830148718606,-0.18021054035764578
2023-10-17,AAPL_QQQ_XLK,kalman_random_walk,AAPL,QQQ,XLK,-0.4037511633749019,-1.0763077200350923
2023-10-18,AAPL_QQQ_XLK,kalman_random_walk,AAPL,QQQ,XLK,-0.490658018300823,-1.2371703361461208
2023-10-19,AAPL_QQQ_XLK,kalman_random_walk,AAPL,QQQ,XLK,-0.4920390659349254,-1.1910333059240494
2023-10-20,AAPL_QQQ_XLK,kalman_random_walk,AAPL,QQQ,XLK,-0.2993037206737504,-0.7689095917123512
2023-10-23,AAPL_QQQ_XLK,kalman_random_walk,AAPL,QQQ,XLK,-0.12159447563098272,-0.40270036503925905
2023-10-24,AAPL_QQQ_XLK,kalman_random_walk,AAPL,QQQ,XLK,0.07984661108609191,0.013317986003880114
2023-10-25,AAPL_QQQ_XLK,kalman_random_walk,AAPL,QQQ,XLK,0.0076882006082572285,-0.11964188576982124
2023-10-26,AAPL_QQQ_XLK,kalman_random_walk,AAPL,QQQ,XLK,0.33810871973117124,0.5410055588429957
2023-10-27,AAPL_QQQ_XLK,kalman_random_walk,AAPL,QQQ,XLK,0.30108976046163427,0.48769561962101526
2023-10-30,AAPL_QQQ_XLK,kalman_random_walk,AAPL,QQQ,XLK,0.24395128780598507,0.3777612285787529
2023-10-31,AAPL_QQQ_XLK,kalman_random_walk,AAPL,QQQ,XLK,0.08797190235885982,0.07000013201512345
2023-11-01,AAPL_QQQ_XLK,kalman_random_walk,AAPL,QQQ,XLK,-0.2093487049444246,-0.5040869163407784
2023-11-02,AAPL_QQQ_XLK,kalman_random_walk,AAPL,QQQ,XLK,-0.1928791760495294,-0.4409939082671047
2023-11-03,AAPL_QQQ_XLK,kalman_random_walk,AAPL,QQQ,XLK,-0.1076636865925536,-0.23682637327473935
2023-11-06,AAPL_QQQ_XLK,kalman_random_walk,AAPL,QQQ,XLK,-0.028709773229357943,-0.04254542451883507
2023-11-07,AAPL_QQQ_XLK,kalman_random_walk,AAPL,QQQ,XLK,0.5155912136821117,1.1060286896352978
2023-11-08,AAPL_QQQ_XLK,kalman_random_walk,AAPL,QQQ,XLK,0.5267726042781218,1.1212483184896493
2023-11-09,AAPL_QQQ_XLK,kalman_random_walk,AAPL,QQQ,XLK,0.5539719901452514,1.4239639474056638
2023-11-10,AAPL_QQQ_XLK,kalman_random_walk,AAPL,QQQ,XLK,0.15960188429700956,0.6422986732759727
2023-11-13,AAPL_QQQ_XLK,kalman_random_walk,AAPL,QQQ,XLK,0.07472866450594914,0.6014653634984304
2023-11-14,AAPL_QQQ_XLK,kalman_random_walk,AAPL,QQQ,XLK,0.07014754188616204,0.5541110849661329
2023-11-15,AAPL_QQQ_XLK,kalman_random_walk,AAPL,QQQ,XLK,0.17731460424695994,0.9097680648785629
2023-11-16,AAPL_QQQ_XLK,kalman_random_walk,AAPL,QQQ,XLK,0.10247272213367092,0.6080871102613332
2023-11-17,AAPL_QQQ_XLK,kalman_random_walk,AAPL,QQQ,XLK,0.17275217122131578,0.828578976946855
2023-11-20,AAPL_QQQ_XLK,kalman_random_walk,AAPL,QQQ,XLK,-0.09902667332631448,-0.20951134656422582
2023-11-21,AAPL_QQQ_XLK,kalman_random_walk,AAPL,QQQ,XLK,0.19150638814635668,0.8482425386498144
2023-11-22,AAPL_QQQ_XLK,kalman_random_walk,AAPL,QQQ,XLK,0.42163285892130375,1.6576048912644465
2023-11-23,AAPL_QQQ_XLK,kalman_random_walk,AAPL,QQQ,XLK,0.08242956006463448,0.33977649030482066
2023-11-24,AAPL_QQQ_XLK,kalman_random_walk,AAPL,QQQ,XLK,-0.30881904251854986,-1.121467121903105
2023-11-27,AAPL_QQQ_XLK,kalman_random_walk,AAPL,QQQ,XLK,-0.44471284274137113,-1.6338536551347302
2023-11-28,AAPL_QQQ_XLK,kalman_random_walk,AAPL,QQQ,XLK,-0.3576322334557054,-1.2300603452220127
2023-11-29,AAPL_QQQ_XLK,kalman_random_walk,AAPL,QQQ,XLK,-0.5417119661433404,-1.866661430278554
2023-11-30,AAPL_QQQ_XLK,kalman_random_walk,AAPL,QQQ,XLK,-0.44279085720992045,-1.4122015893184057
2023-12-01,AAPL_QQQ_XLK,kalman_random_walk,AAPL,QQQ,XLK,-0.20901575027633235,-0.5729148563919787
2023-12-04,AAPL_QQQ_XLK,kalman_random_walk,AAPL,QQQ,XLK,0.05220255017081782,0.3183760748055003
2023-12-05,AAPL_QQQ_XLK,kalman_random_walk,AAPL,QQQ,XLK,0.3159020557243773,1.1798668362006914
2023-12-06,AAPL_QQQ_XLK,kalman_random_walk,AAPL,QQQ,XLK,-0.0955036891232321,-0.2481987280288738
2023-12-07,AAPL_QQQ_XLK,kalman_random_walk,AAPL,QQQ,XLK,-0.5891703114060354,-1.9146880554478276
2023-12-08,AAPL_QQQ_XLK,kalman_random_walk,AAPL,QQQ,XLK,-0.403064338414328,-1.2203141733873641
2023-12-11,AAPL_QQQ_XLK,kalman_random_walk,AAPL,QQQ,XLK,-0.5564741556084959,-1.667312651342838
2023-12-12,AAPL_QQQ_XLK,kalman_random_walk,AAPL,QQQ,XLK,-0.6896986949940415,-1.9781723793052906
2023-12-13,AAPL_QQQ_XLK,kalman_random_walk,AAPL,QQQ,XLK,-0.887207316815803,-2.4807987836204983
2023-12-14,AAPL_QQQ_XLK,kalman_random_walk,AAPL,QQQ,XLK,-0.9527546365713434,-2.5079560023182084
2023-12-15,AAPL_QQQ_XLK,kalman_random_walk,AAPL,QQQ,XLK,-0.7158095487290642,-1.7043431125125945
2023-12-18,AAPL_QQQ_XLK,kalman_random_walk,AAPL,QQQ,XLK,-1.0069010162854353,-2.3770189802573616
2023-12-19,AAPL_QQQ_XLK,kalman_random_walk,AAPL,QQQ,XLK,-1.2411638751375884,-2.7380542455197303
2023-12-20,AAPL_QQQ_XLK,kalman_random_walk,AAPL,QQQ,XLK,-0.8565691908089155,-1.5905289988937055
2023-12-21,AAPL_QQQ_XLK,kalman_random_walk,AAPL,QQQ,XLK,-0.6143144872729799,-0.974485734699046
2023-12-22,AAPL_QQQ_XLK,kalman_random_walk,AAPL,QQQ,XLK,-0.9823869488616708,-1.7264093869258044
2023-12-25,AAPL_QQQ_XLK,kalman_random_walk,AAPL,QQQ,XLK,-1.346060444402098,-2.3961377724794133
2023-12-26,AAPL_QQQ_XLK,kalman_random_walk,AAPL,QQQ,XLK,-1.1176871555394476,-1.7291162174430161
2023-12-27,AAPL_QQQ_XLK,kalman_random_walk,AAPL,QQQ,XLK,-0.7986549607702446,-0.9960935018100205
2023-12-28,AAPL_QQQ_XLK,kalman_random_walk,AAPL,QQQ,XLK,-0.21765265294494612,0.16739166473680508
2023-12-29,AAPL_QQQ_XLK,kalman_random_walk,AAPL,QQQ,XLK,-0.055210191699171324,0.48276064824940246
2023-01-02,JPM_XLF_KRE,kalman_random_walk,JPM,XLF,KRE,0.0,
2023-01-03,JPM_XLF_KRE,kalman_random_walk,JPM,XLF,KRE,-0.10463709888119739,
2023-01-04,JPM_XLF_KRE,kalman_random_walk,JPM,XLF,KRE,-0.11132665098762073,
2023-01-05,JPM_XLF_KRE,kalman_random_walk,JPM,XLF,KRE,-0.25133412961935253,
2023-01-06,JPM_XLF_KRE,kalman_random_walk,JPM,XLF,KRE,0.06923194973926122,
2023-01-09,JPM_XLF_KRE,kalman_random_walk,JPM,XLF,KRE,0.12947373770662363,
2023-01-10,JPM_XLF_KRE,kalman_random_walk,JPM,XLF,KRE,0.37353643725496477,
2023-01-11,JPM_XLF_KRE,kalman_random_walk,JPM,XLF,KRE,0.37803165240636205,
2023-01-12,JPM_XLF_KRE,kalman_random_walk,JPM,XLF,KRE,0.03318107348740579,
2023-01-13,JPM_XLF_KRE,kalman_random_walk,JPM,XLF,KRE,-0.014906169407913884,
2023-01-16,JPM_XLF_KRE,kalman_random_walk,JPM,XLF,KRE,0.248220089112431,
2023-01-17,JPM_XLF_KRE,kalman_random_walk,JPM,XLF,KRE,0.28347548728768746,
2023-01-18,JPM_XLF_KRE,kalman_random_walk,JPM,XLF,KRE,-0.27221149386123134,
2023-01-19,JPM_XLF_KRE,kalman_random_walk,JPM,XLF,KRE,0.017635214846658614,
2023-01-20,JPM_XLF_KRE,kalman_random_walk,JPM,XLF,KRE,-0.14689635390902608,
2023-01-23,JPM_XLF_KRE,kalman_random_walk,JPM,XLF,KRE,0.21549838958862805,
2023-01-24,JPM_XLF_KRE,kalman_random_walk,JPM,XLF,KRE,0.06103587433636376,
2023-01-25,JPM_XLF_KRE,kalman_random_walk,JPM,XLF,KRE,-0.22298465205824838,
2023-01-26,JPM_XLF_KRE,kalman_random_walk,JPM,XLF,KRE,-0.0026487069581494493,
2023-01-27,JPM_XLF_KRE,kalman_random_walk,JPM,XLF,KRE,-0.3653995144551272,
2023-01-30,JPM_XLF_KRE,kalman_random_walk,JPM,XLF,KRE,-0.02777550940832124,-0.20526588249287
2023-01-31,JPM_XLF_KRE,kalman_random_walk,JPM,XLF,KRE,-0.19749530684572816,-1.0188254625628004
2023-02-01,JPM_XLF_KRE,kalman_random_walk,JPM,XLF,KRE,-0.03751508635807896,-0.2010608086475905
2023-02-02,JPM_XLF_KRE,kalman_random_walk,JPM,XLF,KRE,-0.46494501440889174,-2.30495585738878
2023-02-03,JPM_XLF_KRE,kalman_random_walk,JPM,XLF,KRE,-0.4336254703256234,-1.8929524586661617
2023-02-06,JPM_XLF_KRE,kalman_random_walk,JPM,XLF,KRE,-0.5614012748634936,-2.284626508278965
2023-02-07,JPM_XLF_KRE,kalman_random_walk,JPM,XLF,KRE,-0.07871704187520923,-0.09906260029920792
2023-02-08,JPM_XLF_KRE,kalman_random_walk,JPM,XLF,KRE,-0.3150544742021214,-1.0657354474809146
2023-02-09,JPM_XLF_KRE,kalman_random_walk,JPM,XLF,KRE,-0.35566078957893543,-1.1919711481654847
2023-02-10,JPM_XLF_KRE,kalman_random_walk,JPM,XLF,KRE,-0.5694725133441468,-2.0121767110000612
2023-02-13,JPM_XLF_KRE,kalman_random_walk,JPM,XLF,KRE,-0.5282547592915481,-1.6945120569198164
2023-02-14,JPM_XLF_KRE,kalman_random_walk,JPM,XLF,KRE,-0.45077917615525537,-1.3016934403823872
2023-02-15,JPM_XLF_KRE,kalman_random_walk,JPM,XLF,KRE,-0.10333175342867917,0.04623114992947471
2023-02-16,JPM_XLF_KRE,kalman_random_walk,JPM,XLF,KRE,0.0802598597927196,0.7404288645432138
2023-02-17,JPM_XLF_KRE,kalman_random_walk,JPM,XLF,KRE,-0.3778023908079703,-1.0223592422653824
2023-02-20,JPM_XLF_KRE,kalman_random_walk,JPM,XLF,KRE,0.16728954020249787,1.0845287278454534
2023-02-21,JPM_XLF_KRE,kalman_random_walk,JPM,XLF,KRE,0.16356997638216655,1.0381005567508794
2023-02-22,JPM_XLF_KRE,kalman_random_walk,JPM,XLF,KRE,0.4416610647605041,2.0663453781197076
2023-02-23,JPM_XLF_KRE,kalman_random_walk,JPM,XLF,KRE,0.2778976953666515,1.3337836064932191
2023-02-24,JPM_XLF_KRE,kalman_random_walk,JPM,XLF,KRE,0.440382844237197,1.8743887090194042
2023-02-27,JPM_XLF_KRE,kalman_random_walk,JPM,XLF,KRE,0.34251858470743435,1.4300813352470636
2023-02-28,JPM_XLF_KRE,kalman_random_walk,JPM,XLF,KRE,0.20194585075597843,0.885236723606064
2023-03-01,JPM_XLF_KRE,kalman_random_walk,JPM,XLF,KRE,0.13011478106211188,0.6075876302059336
2023-03-02,JPM_XLF_KRE,kalman_random_walk,JPM,XLF,KRE,-0.13867995229019525,-0.322802656060566
2023-03-03,JPM_XLF_KRE,kalman_random_walk,JPM,XLF,KRE,-0.006789003467338531,0.113611487932238
2023-03-06,JPM_XLF_KRE,kalman_random_walk,JPM,XLF,KRE,0.08631049942601034,0.4367359272019515
2023-03-07,JPM_XLF_KRE,kalman_random_walk,JPM,XLF,KRE,0.2509311996706701,1.0019406262297734
2023-03-08,JPM_XLF_KRE,kalman_random_walk,JPM,XLF,KRE,0.5575781223308924,2.0841099511535175
2023-03-09,JPM_XLF_KRE,kalman_random_walk,JPM,XLF,KRE,0.7650451190976801,2.7096064602751
2023-03-10,JPM_XLF_KRE,kalman_random_walk,JPM,XLF,KRE,0.7864029566657854,2.500938854455234
2023-03-13,JPM_XLF_KRE,kalman_random_walk,JPM,XLF,KRE,0.9741853561296656,2.807320342405504
2023-03-14,JPM_XLF_KRE,kalman_random_walk,JPM,XLF,KRE,0.9012807828883803,2.3378253678816723
2023-03-15,JPM_XLF_KRE,kalman_random_walk,JPM,XLF,KRE,1.0540335113166672,2.5448376788419087
2023-03-16,JPM_XLF_KRE,kalman_random_walk,JPM,XLF,KRE,0.9002073630637392,1.9442776411293485
2023-03-17,JPM_XLF_KRE,kalman_random_walk,JPM,XLF,KRE,0.2912825349220475,0.457449755892724
2023-03-20,JPM_XLF_KRE,kalman_random_walk,JPM,XLF,KRE,0.05580777189368444,-0.08997876818268542
2023-03-21,JPM_XLF_KRE,kalman_random_walk,JPM,XLF,KRE,-0.21829177772786754,-0.6911036151750464
2023-03-22,JPM_XLF_KRE,kalman_random_walk,JPM,XLF,KRE,-0.3234109073595477,-0.9041256669988142
2023-03-23,JPM_XLF_KRE,kalman_random_walk,JPM,XLF,KRE,-0.3263045357768528,-0.9009263084474689
2023-03-24,JPM_XLF_KRE,kalman_random_walk,JPM,XLF,KRE,-0.2579170606230574,-0.725434624649558
2023-03-27,JPM_XLF_KRE,kalman_random_walk,JPM,XLF,KRE,-0.07851955343394967,-0.34177230840309225
2023-03-28,JPM_XLF_KRE,kalman_random_walk,JPM,XLF,KRE,-0.35880845441848036,-0.9526561898845136
2023-03-29,JPM_XLF_KRE,kalman_random_walk,JPM,XLF,KRE,-0.4396471144261742,-1.1131360901606075
2023-03-30,JPM_XLF_KRE,kalman_random_walk,JPM,XLF,KRE,-0.19614264542899734,-0.5533983302011485
2023-03-31,JPM_XLF_KRE,kalman_random_walk,JPM,XLF,KRE,-0.0011228475089193612,-0.15169165368418466
2023-04-03,JPM_XLF_KRE,kalman_random_walk,JPM,XLF,KRE,2.0481234700539304,4.340172100478551
2023-04-04,JPM_XLF_KRE,kalman_random_walk,JPM,XLF,KRE,1.940719711628423,3.333851883406477
2023-04-05,JPM_XLF_KRE,kalman_random_walk,JPM,XLF,KRE,2.536521860637391,3.8542095404006016
2023-04-06,JPM_XLF_KRE,kalman_random_walk,JPM,XLF,KRE,0.5549482704238358,0.4087780951017456
2023-04-07,JPM_XLF_KRE,kalman_random_walk,JPM,XLF,KRE,0.06973192666910333,-0.31394772598435394
2023-04-10,JPM_XLF_KRE,kalman_random_walk,JPM,XLF,KRE,-0.03464941207882195,-0.4951719692487651
2023-04-11,JPM_XLF_KRE,kalman_random_walk,JPM,XLF,KRE,-0.4039137153397069,-1.0681225416429319
2023-04-12,JPM_XLF_KRE,kalman_random_walk,JPM,XLF,KRE,-0.17973979683187705,-0.7394743183504767
2023-04-13,JPM_XLF_KRE,kalman_random_walk,JPM,XLF,KRE,-0.19152005606606362,-0.7526246150451511
2023-04-14,JPM_XLF_KRE,kalman_random_walk,JPM,XLF,KRE,-0.5929231533513971,-1.3292708998409055
2023-04-17,JPM_XLF_KRE,kalman_random_walk,JPM,XLF,KRE,-0.4799740715777793,-1.144305106569061
2023-04-18,JPM_XLF_KRE,kalman_random_walk,JPM,XLF,KRE,-0.1538433671521217,-0.6350652824342529
2023-04-19,JPM_XLF_KRE,kalman_random_walk,JPM,XLF,KRE,-0.307874202933741,-0.8408430678881592
2023-04-20,JPM_XLF_KRE,kalman_random_walk,JPM,XLF,KRE,-0.38996941314686806,-0.9239859595461122
2023-04-21,JPM_XLF_KRE,kalman_random_walk,JPM,XLF,KRE,-0.5638616837749766,-1.1347785864963684
2023-04-24,JPM_XLF_KRE,kalman_random_walk,JPM,XLF,KRE,-0.6702544884885664,-1.2305738848172223
2023-04-25,JPM_XLF_KRE,kalman_random_walk,JPM,XLF,KRE,-0.9802719690072947,-1.5949503212454914
2023-04-26,JPM_XLF_KRE,kalman_random_walk,JPM,XLF,KRE,-0.9433624935176762,-1.459069138294544
2023-04-27,JPM_XLF_KRE,kalman_random_walk,JPM,XLF,KRE,-1.1372110700319755,-1.635890191784969
2023-04-28,JPM_XLF_KRE,kalman_random_walk,JPM,XLF,KRE,-0.974605926952003,-1.352516413565014
2023-05-01,JPM_XLF_KRE,kalman_random_walk,JPM,XLF,KRE,-0.5618006293865173,-0.7915143330624518
2023-05-02,JPM_XLF_KRE,kalman_random_walk,JPM,XLF,KRE,-0.30141729017796043,-0.4517172002295648
2023-05-03,JPM_XLF_KRE,kalman_random_walk,JPM,XLF,KRE,-0.20614579574107458,-0.3195233781798676
2023-05-04,JPM_XLF_KRE,kalman_random_walk,JPM,XLF,KRE,0.108967374836029,0.08319913632011683
2023-05-05,JPM_XLF_KRE,kalman_random_walk,JPM,XLF,KRE,0.2546629950228423,0.2819058155930486
2023-05-08,JPM_XLF_KRE,kalman_random_walk,JPM,XLF,KRE,0.04288227643165174,0.040031816279148265
2023-05-09,JPM_XLF_KRE,kalman_random_walk,JPM,XLF,KRE,0.1318390472430635,0.18186027361037327
2023-05-10,JPM_XLF_KRE,kalman_random_walk,JPM,XLF,KRE,0.274695577434647,0.3922287153586562
2023-05-11,JPM_XLF_KRE,kalman_random_walk,JPM,XLF,KRE,0.15744859267601044,0.2736249026508705
2023-05-12,JPM_XLF_KRE,kalman_random_walk,JPM,XLF,KRE,0.28594347443960516,0.4753763828344716
2023-05-15,JPM_XLF_KRE,kalman_random_walk,JPM,XLF,KRE,0.0013383834546931705,0.09561845173998848
2023-05-16,JPM_XLF_KRE,kalman_random_walk,JPM,XLF,KRE,0.0922023241864955,0.21880366290186817
2023-05-17,JPM_XLF_KRE,kalman_random_walk,JPM,XLF,KRE,0.22906437407491825,0.39118188359175643
2023-05-18,JPM_XLF_KRE,kalman_random_walk,JPM,XLF,KRE,0.23381288181268572,0.37898532510469635
2023-05-19,JPM_XLF_KRE,kalman_random_walk,JPM,XLF,KRE,0.11276564512164003,0.19870730801619463
2023-05-22,JPM_XLF_KRE,kalman_random_walk,JPM,XLF,KRE,0.16093606948324546,0.2508230618880514
2023-05-23,JPM_XLF_KRE,kalman_random_walk,JPM,XLF,KRE,-0.10611366524225244,-0.1138875654775261
2023-05-24,JPM_XLF_KRE,kalman_random_walk,JPM,XLF,KRE,-0.2629571770177332,-0.33255065429458147
2023-05-25,JPM_XLF_KRE,kalman_random_walk,JPM,XLF,KRE,-0.09166674125629773,-0.10950421502419179
2023-05-26,JPM_XLF_KRE,kalman_random_walk,JPM,XLF,KRE,0.18368706109606664,0.2567178682746967
2023-05-29,JPM_XLF_KRE,kalman_random_walk,JPM,XLF,KRE,0.38297873028124757,0.5177358627516411
2023-05-30,JPM_XLF_KRE,kalman_random_walk,JPM,XLF,KRE,0.3148833824035949,0.5359811718433964
2023-05-31,JPM_XLF_KRE,kalman_random_walk,JPM,XLF,KRE,0.39468061180144,0.8109064812538495
2023-06-01,JPM_XLF_KRE,kalman_random_walk,JPM,XLF,KRE,0.1696667667354765,0.7332506697434572
2023-06-02,JPM_XLF_KRE,kalman_random_walk,JPM,XLF,KRE,0.20535766581613257,0.8658578678983491
2023-06-05,JPM_XLF_KRE,kalman_random_walk,JPM,XLF,KRE,0.002316738769485349,0.35833254126537195
2023-06-06,JPM_XLF_KRE,kalman_random_walk,JPM,XLF,KRE,-0.3348751321178789,-0.4642868949046281
2023-06-07,JPM_XLF_KRE,kalman_random_walk,JPM,XLF,KRE,-0.21229566513585088,-0.17075358497955778
2023-06-08,JPM_XLF_KRE,kalman_random_walk,JPM,XLF,KRE,-0.28347198611296975,-0.34220457632400453
2023-06-09,JPM_XLF_KRE,kalman_random_walk,JPM,XLF,KRE,-0.30934340401478605,-0.39913762286734367
2023-06-12,JPM_XLF_KRE,kalman_random_walk,JPM,XLF,KRE,-0.50650930886242,-0.908514054221171
2023-06-13,JPM_XLF_KRE,kalman_random_walk,JPM,XLF,KRE,-0.02886289477459092,0.27119702137599067
2023-06-14,JPM_XLF_KRE,kalman_random_walk,JPM,XLF,KRE,0.097296000857654,0.5737950720571946
2023-06-15,JPM_XLF_KRE,kalman_random_walk,JPM,XLF,KRE,-0.1418061654428228,-0.039607178590610005
2023-06-16,JPM_XLF_KRE,kalman_random_walk,JPM,XLF,KRE,0.04845783326375269,0.4150107335466365
2023-06-19,JPM_XLF_KRE,kalman_random_walk,JPM,XLF,KRE,0.05263033801177638,0.39302906619693434
2023-06-20,JPM_XLF_KRE,kalman_random_walk,JPM,XLF,KRE,-0.16316456690381076,-0.1981379160264559
2023-06-21,JPM_XLF_KRE,kalman_random_walk,JPM,XLF,KRE,-0.36211347677163197,-0.8206491722379282
2023-06-22,JPM_XLF_KRE,kalman_random_walk,JPM,XLF,KRE,-0.059358585749660686,-0.024455858963613773
2023-06-23,JPM_XLF_KRE,kalman_random_walk,JPM,XLF,KRE,-0.14257293615777178,-0.4139375811922546
2023-06-26,JPM_XLF_KRE,kalman_random_walk,JPM,XLF,KRE,-0.01784807125054283,-0.059722762788379756
2023-06-27,JPM_XLF_KRE,kalman_random_walk,JPM,XLF,KRE,-0.19047744390461088,-0.8943032261127715
2023-06-28,JPM_XLF_KRE,kalman_random_walk,JPM,XLF,KRE,-0.034883134308602654,-0.21644079197554905
2023-06-29,JPM_XLF_KRE,kalman_random_walk,JPM,XLF,KRE,-1.7075110457323739,-7.897426214425851
2023-06-30,JPM_XLF_KRE,kalman_random_walk,JPM,XLF,KRE,-1.587375089306931,-4.470567151167407
2023-07-03,JPM_XLF_KRE,kalman_random_walk,JPM,XLF,KRE,-1.5020845503926115,-3.3678318339729842
2023-07-04,JPM_XLF_KRE,kalman_random_walk,JPM,XLF,KRE,0.5407236374729596,1.3623113833410263
2023-07-05,JPM_XLF_KRE,kalman_random_walk,JPM,XLF,KRE,0.6871599241736516,1.6139248840833904
2023-07-06,JPM_XLF_KRE,kalman_random_walk,JPM,XLF,KRE,0.44731413669004505,1.0755854692269204
2023-07-07,JPM_XLF_KRE,kalman_random_walk,JPM,XLF,KRE,0.8554961800425482,1.8534706285053126
2023-07-10,JPM_XLF_KRE,kalman_random_walk,JPM,XLF,KRE,0.6267126678707211,1.3266277612156083
2023-07-11,JPM_XLF_KRE,kalman_random_walk,JPM,XLF,KRE,0.3881166565343005,0.8252518231799124
2023-07-12,JPM_XLF_KRE,kalman_random_walk,JPM,XLF,KRE,0.34687307969443315,0.7291291285332465
2023-07-13,JPM_XLF_KRE,kalman_random_walk,JPM,XLF,KRE,0.5366671547828048,1.0706514289474953
2023-07-14,JPM_XLF_KRE,kalman_random_walk,JPM,XLF,KRE,0.6059946483449851,1.1712844917854144
2023-07-17,JPM_XLF_KRE,kalman_random_walk,JPM,XLF,KRE,0.23637151061137118,0.4681958094312924
2023-07-18,JPM_XLF_KRE,kalman_random_walk,JPM,XLF,KRE,0.08145173054360391,0.18697943953028853
2023-07-19,JPM_XLF_KRE,kalman_random_walk,JPM,XLF,KRE,0.33755478233545133,0.6367491169293313
2023-07-20,JPM_XLF_KRE,kalman_random_walk,JPM,XLF,KRE,0.36936751468854606,0.6652283891579313
2023-07-21,JPM_XLF_KRE,kalman_random_walk,JPM,XLF,KRE,0.3928245285633545,0.683023138678439
2023-07-24,JPM_XLF_KRE,kalman_random_walk,JPM,XLF,KRE,-0.0830417618202573,-0.17047146305792488
2023-07-25,JPM_XLF_KRE,kalman_random_walk,JPM,XLF,KRE,-0.06484931851715135,-0.11835617096981445
2023-07-26,JPM_XLF_KRE,kalman_random_walk,JPM,XLF,KRE,0.018900543022848076,0.047517134218375306
2023-07-27,JPM_XLF_KRE,kalman_random_walk,JPM,XLF,KRE,-0.27540060617873,-0.4638730263013855
2023-07-28,JPM_XLF_KRE,kalman_random_walk,JPM,XLF,KRE,-0.753137320089664,-1.3004944295222804
2023-07-31,JPM_XLF_KRE,kalman_random_walk,JPM,XLF,KRE,-0.6014425670807844,-0.9676288082576485
2023-08-01,JPM_XLF_KRE,kalman_random_walk,JPM,XLF,KRE,-0.30846948191105694,-0.4200599093313524
2023-08-02,JPM_XLF_KRE,kalman_random_walk,JPM,XLF,KRE,-0.6352911168512629,-0.991004231532965
2023-08-03,JPM_XLF_KRE,kalman_random_walk,JPM,XLF,KRE,-0.6490780392315918,-0.9852477339620211
2023-08-04,JPM_XLF_KRE,kalman_random_walk,JPM,XLF,KRE,-0.19810179194796607,-0.1904807637377516
2023-08-07,JPM_XLF_KRE,kalman_random_walk,JPM,XLF,KRE,0.2672005587075799,0.5988492901218481
2023-08-08,JPM_XLF_KRE,kalman_random_walk,JPM,XLF,KRE,0.26589100498209645,0.5650889214984406
2023-08-09,JPM_XLF_KRE,kalman_random_walk,JPM,XLF,KRE,-0.3889774912013002,-0.5662158978006603
2023-08-10,JPM_XLF_KRE,kalman_random_walk,JPM,XLF,KRE,-0.29422012706745104,-0.38278498929594157
2023-08-11,JPM_XLF_KRE,kalman_random_walk,JPM,XLF,KRE,-0.0023384742232343547,0.11964692104341923
2023-08-14,JPM_XLF_KRE,kalman_random_walk,JPM,XLF,KRE,0.7031231122988968,1.3194682890825025
2023-08-15,JPM_XLF_KRE,kalman_random_walk,JPM,XLF,KRE,0.9054903571939725,1.6015933282890615
2023-08-16,JPM_XLF_KRE,kalman_random_walk,JPM,XLF,KRE,1.0129027181109156,1.6835622906978045
2023-08-17,JPM_XLF_KRE,kalman_random_walk,JPM,XLF,KRE,0.8236722139469208,1.283653779210847
2023-08-18,JPM_XLF_KRE,kalman_random_walk,JPM,XLF,KRE,0.3303149977734705,0.46775943770900935
2023-08-21,JPM_XLF_KRE,kalman_random_walk,JPM,XLF,KRE,0.07817286726085418,0.0628181203728192
2023-08-22,JPM_XLF_KRE,kalman_random_walk,JPM,XLF,KRE,-0.1648285505480679,-0.31288701892019083
2023-08-23,JPM_XLF_KRE,kalman_random_walk,JPM,XLF,KRE,-0.3013548963431315,-0.5230647120606835
2023-08-24,JPM_XLF_KRE,kalman_random_walk,JPM,XLF,KRE,-0.053611739847754525,-0.13300623350261556
2023-08-25,JPM_XLF_KRE,kalman_random_walk,JPM,XLF,KRE,-0.01248732030933622,-0.14768445313884312
2023-08-28,JPM_XLF_KRE,kalman_random_walk,JPM,XLF,KRE,-0.5630550680081816,-1.2854296834694983
2023-08-29,JPM_XLF_KRE,kalman_random_walk,JPM,XLF,KRE,-0.5824631372978281,-1.5290627484640082
2023-08-30,JPM_XLF_KRE,kalman_random_walk,JPM,XLF,KRE,-0.17775952166809722,-0.5990513373033457
2023-08-31,JPM_XLF_KRE,kalman_random_walk,JPM,XLF,KRE,0.07699316764004333,-0.023322087828714186
2023-09-01,JPM_XLF_KRE,kalman_random_walk,JPM,XLF,KRE,1.9914314831043707,4.079216828721487
2023-09-04,JPM_XLF_KRE,kalman_random_walk,JPM,XLF,KRE,1.6383038510720864,2.807877941540884
2023-09-05,JPM_XLF_KRE,kalman_random_walk,JPM,XLF,KRE,1.7328943736143605,2.705667622650659
2023-09-06,JPM_XLF_KRE,kalman_random_walk,JPM,XLF,KRE,0.11489250016016861,-0.07964828234588704
2023-09-07,JPM_XLF_KRE,kalman_random_walk,JPM,XLF,KRE,-0.19247809071978222,-0.549595926046791
2023-09-08,JPM_XLF_KRE,kalman_random_walk,JPM,XLF,KRE,-0.3598640316618909,-0.7827384048174616
2023-09-11,JPM_XLF_KRE,kalman_random_walk,JPM,XLF,KRE,-0.8069860511501841,-1.441793937166886
2023-09-12,JPM_XLF_KRE,kalman_random_walk,JPM,XLF,KRE,-1.166935833038599,-1.9143036994501026
2023-09-13,JPM_XLF_KRE,kalman_random_walk,JPM,XLF,KRE,-0.9804685165307678,-1.515342644236657
2023-09-14,JPM_XLF_KRE,kalman_random_walk,JPM,XLF,KRE,-0.9140750418775797,-1.336209609585017
2023-09-15,JPM_XLF_KRE,kalman_random_walk,JPM,XLF,KRE,-0.9278089353708683,-1.2861953533299804
2023-09-18,JPM_XLF_KRE,kalman_random_walk,JPM,XLF,KRE,-0.4664228237818106,-0.5880723199080179
2023-09-19,JPM_XLF_KRE,kalman_random_walk,JPM,XLF,KRE,-0.5110867850702894,-0.6334482316229388
2023-09-20,JPM_XLF_KRE,kalman_random_walk,JPM,XLF,KRE,-0.290266213523493,-0.3152083232521316
2023-09-21,JPM_XLF_KRE,kalman_random_walk,JPM,XLF,KRE,-0.5552248960582484,-0.6638792521939464
2023-09-22,JPM_XLF_KRE,kalman_random_walk,JPM,XLF,KRE,-0.817952847969896,-1.0062708001060834
2023-09-25,JPM_XLF_KRE,kalman_random_walk,JPM,XLF,KRE,-0.8452250738774789,-1.0386782493862876
2023-09-26,JPM_XLF_KRE,kalman_random_walk,JPM,XLF,KRE,-0.898696207956777,-1.0945339063492943
2023-09-27,JPM_XLF_KRE,kalman_random_walk,JPM,XLF,KRE,-0.8769657865418107,-1.031409384806181
2023-09-28,JPM_XLF_KRE,kalman_random_walk,JPM,XLF,KRE,-0.7616785513257485,-0.8651768171871311
2023-09-29,JPM_XLF_KRE,kalman_random_walk,JPM,XLF,KRE,-0.20411115495385912,-0.1304665441041067
2023-10-02,JPM_XLF_KRE,kalman_random_walk,JPM,XLF,KRE,-0.43356301771821537,-0.43003725227238687
2023-10-03,JPM_XLF_KRE,kalman_random_walk,JPM,XLF,KRE,-0.7336450718017787,-0.7999310691174845
2023-10-04,JPM_XLF_KRE,kalman_random_walk,JPM,XLF,KRE,-0.5071518884964351,-0.46903715886040814
2023-10-05,JPM_XLF_KRE,kalman_random_walk,JPM,XLF,KRE,-0.10386536886599529,0.059797508768673624
2023-10-06,JPM_XLF_KRE,kalman_random_walk,JPM,XLF,KRE,0.39522292515029694,0.7027261193149453
2023-10-09,JPM_XLF_KRE,kalman_random_walk,JPM,XLF,KRE,0.05110517728520775,0.2408616173860196
2023-10-10,JPM_XLF_KRE,kalman_random_walk,JPM,XLF,KRE,0.18777110375510833,0.4451827220059468
2023-10-11,JPM_XLF_KRE,kalman_random_walk,JPM,XLF,KRE,-0.33415491431802025,-0.22121113217298657
2023-10-12,JPM_XLF_KRE,kalman_random_walk,JPM,XLF,KRE,-0.3115679357176404,-0.15067955969879415
2023-10-13,JPM_XLF_KRE,kalman_random_walk,JPM,XLF,KRE,-0.5734402822456373,-0.4881456766755205
2023-10-16,JPM_XLF_KRE,kalman_random_walk,JPM,XLF,KRE,-0.6571215740662041,-0.5786650759165958
2023-10-17,JPM_XLF_KRE,kalman_random_walk,JPM,XLF,KRE,-0.9877580777862558,-1.0259155811814331
2023-10-18,JPM_XLF_KRE,kalman_random_walk,JPM,XLF,KRE,-0.5201593857634043,-0.32169930147104253
2023-10-19,JPM_XLF_KRE,kalman_random_walk,JPM,XLF,KRE,-0.19416275709618758,0.14756012451366907
2023-10-20,JPM_XLF_KRE,kalman_random_walk,JPM,XLF,KRE,-0.03943304217407653,0.37186112890573547
2023-10-23,JPM_XLF_KRE,kalman_random_walk,JPM,XLF,KRE,-0.2966732086755612,0.008500957494403613
2023-10-24,JPM_XLF_KRE,kalman_random_walk,JPM,XLF,KRE,0.20636357190215437,0.7130438742009959
2023-10-25,JPM_XLF_KRE,kalman_random_walk,JPM,XLF,KRE,0.4780447889676822,1.0664070169859554
2023-10-26,JPM_XLF_KRE,kalman_random_walk,JPM,XLF,KRE,0.3527651845359288,0.8541985580009156
2023-10-27,JPM_XLF_KRE,kalman_random_walk,JPM,XLF,KRE,0.616177079578708,1.2040695972359172
2023-10-30,JPM_XLF_KRE,kalman_random_walk,JPM,XLF,KRE,0.6839961741726361,1.5168806660524419
2023-10-31,JPM_XLF_KRE,kalman_random_walk,JPM,XLF,KRE,0.7778834970819015,1.871654540694812
2023-11-01,JPM_XLF_KRE,kalman_random_walk,JPM,XLF,KRE,0.9100478270405136,2.435871199874509
2023-11-02,JPM_XLF_KRE,kalman_random_walk,JPM,XLF,KRE,1.0195704859052999,2.4556665996240135
2023-11-03,JPM_XLF_KRE,kalman_random_walk,JPM,XLF,KRE,0.9033754567259654,2.0384871777285074
2023-11-06,JPM_XLF_KRE,kalman_random_walk,JPM,XLF,KRE,0.435367901016535,1.124895611535353
2023-11-07,JPM_XLF_KRE,kalman_random_walk,JPM,XLF,KRE,0.09912615073848197,0.5226774329248852
2023-11-08,JPM_XLF_KRE,kalman_random_walk,JPM,XLF,KRE,0.21436812326649027,0.677936999133219
2023-11-09,JPM_XLF_KRE,kalman_random_walk,JPM,XLF,KRE,0.07454167956628197,0.4010908879384589
2023-11-10,JPM_XLF_KRE,kalman_random_walk,JPM,XLF,KRE,0.16254382439330642,0.5194472596176833
2023-11-13,JPM_XLF_KRE,kalman_random_walk,JPM,XLF,KRE,-0.3663339446790496,-0.4582003697587908
2023-11-14,JPM_XLF_KRE,kalman_random_walk,JPM,XLF,KRE,-0.4371099084944659,-0.5900587450151287
2023-11-15,JPM_XLF_KRE,kalman_random_walk,JPM,XLF,KRE,-0.4957632939862786,-0.6995343952665801
2023-11-16,JPM_XLF_KRE,kalman_random_walk,JPM,XLF,KRE,-0.010202618377369521,0.1768160377731342
2023-11-17,JPM_XLF_KRE,kalman_random_walk,JPM,XLF,KRE,-0.086624624729015,0.016745363928195898
2023-11-20,JPM_XLF_KRE,kalman_random_walk,JPM,XLF,KRE,-0.24581970966668437,-0.30842691589488147
2023-11-21,JPM_XLF_KRE,kalman_random_walk,JPM,XLF,KRE,-0.18291421820446285,-0.22615441638489203
2023-11-22,JPM_XLF_KRE,kalman_random_walk,JPM,XLF,KRE,0.17488712581769075,0.4269914632267438
2023-11-23,JPM_XLF_KRE,kalman_random_walk,JPM,XLF,KRE,0.8677885464263855,1.7815873001077376
2023-11-24,JPM_XLF_KRE,kalman_random_walk,JPM,XLF,KRE,0.3898851606182142,0.7327321760554281
2023-11-27,JPM_XLF_KRE,kalman_random_walk,JPM,XLF,KRE,0.8332746336052497,1.5807809502273755
2023-11-28,JPM_XLF_KRE,kalman_random_walk,JPM,XLF,KRE,0.19459378668146698,0.24527188373640357
2023-11-29,JPM_XLF_KRE,kalman_random_walk,JPM,XLF,KRE,0.552187823365542,0.92682745678614
2023-11-30,JPM_XLF_KRE,kalman_random_walk,JPM,XLF,KRE,0.8943857243421798,1.5770596100127998
2023-12-01,JPM_XLF_KRE,kalman_random_walk,JPM,XLF,KRE,1.1033681994074718,1.898736228124401
2023-12-04,JPM_XLF_KRE,kalman_random_walk,JPM,XLF,KRE,0.34668117743219806,0.3524133192868338
2023-12-05,JPM_XLF_KRE,kalman_random_walk,JPM,XLF,KRE,0.04283427851286731,-0.238407702795312
2023-12-06,JPM_XLF_KRE,kalman_random_walk,JPM,XLF,KRE,0.5405060076721704,0.7121852285068977
2023-12-07,JPM_XLF_KRE,kalman_random_walk,JPM,XLF,KRE,0.6065937942574468,0.8007285548054914
2023-12-08,JPM_XLF_KRE,kalman_random_walk,JPM,XLF,KRE,0.8320499300374078,1.1921166316563971
2023-12-11,JPM_XLF_KRE,kalman_random_walk,JPM,XLF,KRE,0.7514191262065995,0.9831830919333197
2023-12-12,JPM_XLF_KRE,kalman_random_walk,JPM,XLF,KRE,0.7502654502008153,0.9405642144287002
2023-12-13,JPM_XLF_KRE,kalman_random_walk,JPM,XLF,KRE,0.7590220299157799,0.9448904080367382
2023-12-14,JPM_XLF_KRE,kalman_random_walk,JPM,XLF,KRE,0.49882574249941364,0.32214534457987526
2023-12-15,JPM_XLF_KRE,kalman_random_walk,JPM,XLF,KRE,0.7152002754903324,0.784505340773257
2023-12-18,JPM_XLF_KRE,kalman_random_walk,JPM,XLF,KRE,1.2802097963589918,2.04504664872675
2023-12-19,JPM_XLF_KRE,kalman_random_walk,JPM,XLF,KRE,0.8290430939755002,0.9005508798171998
2023-12-20,JPM_XLF_KRE,kalman_random_walk,JPM,XLF,KRE,0.4623857865653287,0.03537814163285104
2023-12-21,JPM_XLF_KRE,kalman_random_walk,JPM,XLF,KRE,0.14094606510841207,-0.686525542095797
2023-12-22,JPM_XLF_KRE,kalman_random_walk,JPM,XLF,KRE,-0.10181512824993832,-1.213946658989469
2023-12-25,JPM_XLF_KRE,kalman_random_walk,JPM,XLF,KRE,-0.04410401260127175,-1.028305782285236
2023-12-26,JPM_XLF_KRE,kalman_random_walk,JPM,XLF,KRE,0.09607424631442418,-0.6739442358271251
2023-12-27,JPM_XLF_KRE,kalman_random_walk,JPM,XLF,KRE,0.23910759858604297,-0.3256142714349217
2023-12-28,JPM_XLF_KRE,kalman_random_walk,JPM,XLF,KRE,0.2815078895879115,-0.19923990237342631
2023-12-29,JPM_XLF_KRE,kalman_random_walk,JPM,XLF,KRE,-0.08904387232200967,-1.0109609660240686
